"id","language_id","key","value","description","created_at","updated_at"
"2d77ec41-af55-4af0-aa03-e56cc5a7425a",ebe506ef-9d7f-4f05-947e-54865217ccfd,today,आज,,2020-11-08 16:47:50,2020-11-08 16:47:50
af186359-5a9f-4770-9ef9-a67ea55d0419,ebe506ef-9d7f-4f05-947e-54865217ccfd,this_month,इस महीने,,2020-11-08 16:48:18,2020-11-08 16:55:18
"4dee0b5d-8c43-4ea3-ad00-26677f54a303",ebe506ef-9d7f-4f05-947e-54865217ccfd,wallet_bottommenu,बटुआ,,2020-11-08 16:59:38,2020-11-08 23:16:44
"9a55623c-391c-49d4-9e17-9cdf6f7c3554",ebe506ef-9d7f-4f05-947e-54865217ccfd,none,कोई नहीं,,2020-11-08 16:59:29,2020-11-08 16:59:29
"98ad9ce8-89d6-4692-917d-fc24e69ae8cc",ebe506ef-9d7f-4f05-947e-54865217ccfd,total_coins,कुल सिक्के,,2020-11-08 16:59:56,2020-11-08 16:59:56
"66e99ebd-ce35-4320-bbd9-45e7d353947b",ebe506ef-9d7f-4f05-947e-54865217ccfd,buy_coins,सिक्के खरीदें,,2020-11-08 17:00:06,2020-11-08 17:00:06
"2304a45b-5315-4db9-aa3c-c4b681062189",ebe506ef-9d7f-4f05-947e-54865217ccfd,withdraw_money,पैसा निकालना,,2020-11-08 17:00:32,2020-11-08 17:00:32
"51a65b9b-ea19-47c5-98d6-0cb721ef77f9",ebe506ef-9d7f-4f05-947e-54865217ccfd,quiz_joined,क्विज में शामिल हुए,,2020-11-08 17:01:52,2020-11-08 17:01:52
"80c328b8-3fd2-47c3-83f6-ccdc6e3d95f8",ebe506ef-9d7f-4f05-947e-54865217ccfd,joining_bonus,ज्वाइनिंग बोनस,,2020-11-08 17:02:05,2020-11-08 17:02:05
c3b5fccd-6b08-4eb5-be30-cbb9846242fd,ebe506ef-9d7f-4f05-947e-54865217ccfd,total_earning_till_now,अब तक की कुल कमाई,,2020-11-08 17:02:15,2020-11-08 17:02:15
cb91113d-3945-41d2-bb32-9b3b8ea60757,ebe506ef-9d7f-4f05-947e-54865217ccfd,select_operator,ऑपरेटर का चयन करें,,2020-11-08 17:02:29,2020-11-08 17:02:29
"6c3a2bab-c64e-4562-bd84-0455a4b30bb9",ebe506ef-9d7f-4f05-947e-54865217ccfd,enter_your_mobile_number,अपना मोबाइल नंबर दर्ज करें,,2020-11-08 17:02:39,2020-11-08 17:02:39
ba11062d-252b-4889-a534-8224e50ccd01,ebe506ef-9d7f-4f05-947e-54865217ccfd,enter_number_of_coins_to_be_redeemed,भुनाए जाने के लिए सिक्कों की संख्या दर्ज करें,,2020-11-08 17:02:50,2020-11-08 17:02:50
"6801b32d-d2aa-4444-84a9-c40489adb532",ebe506ef-9d7f-4f05-947e-54865217ccfd,withdraw,निकालना,,2020-11-08 17:03:10,2020-11-08 17:03:10
"61ac7ff0-d6b4-4d45-bebb-765e042faa83",ebe506ef-9d7f-4f05-947e-54865217ccfd,coin_mall,सिक्का मॉल,,2020-11-08 17:06:06,2020-11-08 17:06:06
acb82b85-3382-4520-bc58-3d455ff26e6b,ebe506ef-9d7f-4f05-947e-54865217ccfd,pile_of_coins,सिक्कों का ढेर,,2020-11-08 17:06:16,2020-11-08 17:06:16
d3f6a2b3-d9f5-4b32-9c3d-b73df09da49c,ebe506ef-9d7f-4f05-947e-54865217ccfd,wallet_of_coins,सिक्कों का बटुआ,,2020-11-08 17:06:27,2020-11-08 17:06:27
f16a26f9-5f0a-45e4-843e-112fddc321ef,ebe506ef-9d7f-4f05-947e-54865217ccfd,sack_of_coins,सिक्कों की बोरी,,2020-11-08 17:06:36,2020-11-08 17:06:36
b114febe-f1f8-4cc0-a319-ad81a990184e,ebe506ef-9d7f-4f05-947e-54865217ccfd,treasure_chest_of_coins,सिक्कों का खजाना,,2020-11-08 17:06:50,2020-11-08 17:06:50
cb192ebd-e581-40e8-9617-b2c47ce92aea,ebe506ef-9d7f-4f05-947e-54865217ccfd,trolley_of_coins,सिक्कों की ट्रॉली,,2020-11-08 17:07:00,2020-11-08 17:07:00
aac5c1ce-0ced-4712-a15e-27c21689a3ce,ebe506ef-9d7f-4f05-947e-54865217ccfd,coins,सिक्के,,2020-11-08 17:07:10,2020-11-08 17:07:10
"17f60508-21ae-4657-b82b-595e686bf7ed",ebe506ef-9d7f-4f05-947e-54865217ccfd,upload_your_avatar,अपना अवतार अपलोड करें,,2020-11-08 17:07:34,2020-11-08 17:07:34
fe2676b9-a563-42ec-9a9f-4ecb1e42eb00,ebe506ef-9d7f-4f05-947e-54865217ccfd,male,नर,,2020-11-08 17:07:43,2020-11-08 17:07:43
"5fdfe05b-abe3-413c-952f-9cecdacf16d3",ebe506ef-9d7f-4f05-947e-54865217ccfd,female,महिला,,2020-11-08 17:07:52,2020-11-08 17:07:52
"7c9806f9-3d7f-439f-853b-5678efb7e4b9",ebe506ef-9d7f-4f05-947e-54865217ccfd,hosted,होस्टेड,,2020-11-08 17:19:39,2020-11-08 17:19:39
"2b29ed81-7062-4664-97db-1cedd2c749ca",ebe506ef-9d7f-4f05-947e-54865217ccfd,joined,जायंड,,2020-11-08 17:19:50,2020-11-08 17:19:50
"7c23b6b0-961f-4565-8310-132193b373d9",ebe506ef-9d7f-4f05-947e-54865217ccfd,won,जीत लिया,,2020-11-08 17:20:00,2020-11-08 17:20:00
"364459a5-4e74-47a2-af3e-230a78eeed7f",ebe506ef-9d7f-4f05-947e-54865217ccfd,lost,हार,,2020-11-08 17:20:19,2020-11-08 17:20:19
"4cc6cbf8-4cec-4c0e-b425-9824ad355630",ebe506ef-9d7f-4f05-947e-54865217ccfd,cancelled,रद्द,,2020-11-08 17:20:33,2020-11-08 17:20:33
c9d8791d-8c98-453c-b046-eb0e09c655c7,ebe506ef-9d7f-4f05-947e-54865217ccfd,missed,चुक गया,,2020-11-08 17:20:44,2020-11-08 17:20:44
e36aad01-e26e-428b-ac09-a938865fb8c6,ebe506ef-9d7f-4f05-947e-54865217ccfd,enter_your_name,अपना नाम दर्ज करें,,2020-11-08 17:20:58,2020-11-08 17:20:58
"15323484-9912-4c97-9ea1-65c07ee041ca",ebe506ef-9d7f-4f05-947e-54865217ccfd,enter_your_email,अपना ईमेल दर्ज करें,,2020-11-08 17:21:07,2020-11-08 17:21:07
"3e2fe7d6-5edd-465e-9eed-0f7d08ded414",ebe506ef-9d7f-4f05-947e-54865217ccfd,name_is_required,नाम आवश्यक है,,2020-11-08 17:21:45,2020-11-08 17:21:45
eaadfc83-8778-466a-b262-90a91fe92c7b,ebe506ef-9d7f-4f05-947e-54865217ccfd,username_is_required,उपयोगकर्ता नाम आवश्यक है,,2020-11-08 17:22:04,2020-11-08 17:22:04
d5ce69b2-364a-4591-aa26-4c6b50970d24,ebe506ef-9d7f-4f05-947e-54865217ccfd,email_is_required,ईमेल जरुरी है,,2020-11-08 17:22:12,2020-11-08 17:22:12
c2ae54cc-1688-4f1c-8b7f-7359ba044f7a,ebe506ef-9d7f-4f05-947e-54865217ccfd,segment,क्विज़ टाइप,,2020-11-08 17:24:23,2020-11-08 17:24:23
d87b0159-cff5-4e2e-bb8a-b2ea1aa284c4,ebe506ef-9d7f-4f05-947e-54865217ccfd,timing,समय,,2020-11-08 17:24:47,2020-11-08 17:24:47
"534b45f8-a592-4f98-b8ab-33c0b9cfc77e",ebe506ef-9d7f-4f05-947e-54865217ccfd,nov,नवंबर,,2020-11-08 17:25:33,2020-11-08 17:25:33
"7a9bbabd-4fbe-4c41-8287-154c9230e37e",ebe506ef-9d7f-4f05-947e-54865217ccfd,sort_&_filters,सॉर्ट और फ़िल्टर,,2020-11-08 17:25:49,2020-11-08 17:25:49
"10771692-dbdb-48b8-b868-5af7853e9f80",ebe506ef-9d7f-4f05-947e-54865217ccfd,clear,साफ़,,2020-11-08 17:27:29,2020-11-08 17:27:29
ac617ff2-38b2-46dd-b3dc-4c7ae67cfa6a,ebe506ef-9d7f-4f05-947e-54865217ccfd,sort_by,सॉर्ट करे,,2020-11-08 17:30:45,2020-11-08 17:30:45
"9e0a23fd-e1d2-4092-a95d-dcf6a8fdb643",ebe506ef-9d7f-4f05-947e-54865217ccfd,prize_amount,पुरस्कार राशि,,2020-11-08 17:30:55,2020-11-08 17:30:55
"104baa08-275d-4a09-bd16-d76aea06be70",ebe506ef-9d7f-4f05-947e-54865217ccfd,high_to_low,ऊॅंचा से नीचा,,2020-11-08 17:31:09,2020-11-08 17:31:09
"2df88d09-ba5c-4657-a028-b618a0046a59",ebe506ef-9d7f-4f05-947e-54865217ccfd,low_to_high,नीचे से ऊपर,,2020-11-08 17:31:22,2020-11-08 17:31:22
c9ac04b1-729c-484f-a5b6-5d01059c58a2,ebe506ef-9d7f-4f05-947e-54865217ccfd,entry_fee,प्रवेश शुल्क,,2020-11-08 17:31:44,2020-11-08 17:31:44
a1e8b859-bfa9-4693-8a86-372d85777160,ebe506ef-9d7f-4f05-947e-54865217ccfd,submit,जमा करें,,2020-11-08 17:08:02,2020-11-09 13:26:14
"4c55019a-6d92-4564-8847-85b04e3b57b7",ebe506ef-9d7f-4f05-947e-54865217ccfd,choose_a_period,एक अवधि चुनें,,2020-11-08 16:54:53,2020-11-08 21:14:07
c029b0b0-7851-466e-9f7d-0d7b82f234ab,ebe506ef-9d7f-4f05-947e-54865217ccfd,scoreboard_bottommenu,स्कोरबोर्ड,,2020-11-08 16:47:39,2020-11-08 23:17:09
"5603b1ca-b5d4-488b-a3ad-6fb0c3f7abdf",ebe506ef-9d7f-4f05-947e-54865217ccfd,quiz_bottommenu,क्विज़,,2020-11-08 17:22:49,2020-11-08 23:18:12
"048e4d6b-4165-4996-bbbd-093efd02c2b9",ebe506ef-9d7f-4f05-947e-54865217ccfd,this_week,इस सप्ताह,,2020-11-08 16:48:02,2020-11-09 02:09:58
fd90a769-945e-4172-85f1-4cacc1c70cea,ebe506ef-9d7f-4f05-947e-54865217ccfd,edit_profile,प्रोफ़ाइल बदले,,2020-11-08 17:07:24,2020-11-09 11:48:13
"949ec7e5-6164-40fa-a1d3-1a60534193e5",ebe506ef-9d7f-4f05-947e-54865217ccfd,quiz_hosted,होस्ट की गई क्विज़,,2020-11-08 17:29:20,2020-11-09 13:14:23
c4c0364c-dd17-423e-b9a5-c17c9fcd4138,ebe506ef-9d7f-4f05-947e-54865217ccfd,redeem_coins,सिक्के निकाले,,2020-11-08 17:00:22,2020-11-09 12:40:48
"450f703c-5373-43db-980f-eb49071cf629",ebe506ef-9d7f-4f05-947e-54865217ccfd,quiz_suspended,क्विज निलंबित,,2020-11-08 17:00:44,2020-11-09 13:17:09
f12e722b-fbd4-4a59-939c-15c9a487ebb9,ebe506ef-9d7f-4f05-947e-54865217ccfd,quiz_won,क्विज जीता,,2020-11-08 17:00:57,2020-11-09 13:20:20
"97816369-70d9-4ee7-9453-f6910742bc52",ebe506ef-9d7f-4f05-947e-54865217ccfd,date_of_birth_ddmmyyyy,जन्म की तिथि(दिनांक / महीना / बर्ष),,2020-11-08 17:21:36,2020-11-09 13:23:40
c3d36144-f376-48e3-931d-48fffc6de94f,ebe506ef-9d7f-4f05-947e-54865217ccfd,enter_your_username,अपना यूसरनामनाम दर्ज करें,,2020-11-08 17:21:15,2020-11-09 13:28:53
"6002afd1-5aea-4eee-a605-1f2cf09a5223",ebe506ef-9d7f-4f05-947e-54865217ccfd,quiz_id,क्विज आई.डी.,,2020-11-08 17:31:57,2020-11-08 17:31:57
dc0298a2-4c35-4c78-ac56-176247a54ee8,ebe506ef-9d7f-4f05-947e-54865217ccfd,hosted_by,होस्ट है:,,2020-11-08 17:39:13,2020-11-08 17:39:13
"45da0d44-a146-4e14-bc3b-85a1002d10e1",ebe506ef-9d7f-4f05-947e-54865217ccfd,win_upto,जीतो,,2020-11-08 17:41:42,2020-11-08 17:41:42
"6510a0eb-86ad-4e55-872e-05c8038312a2",ebe506ef-9d7f-4f05-947e-54865217ccfd,join,खेले,,2020-11-08 17:43:21,2020-11-08 17:43:21
"3680b5f6-7a63-4b75-8fd5-50d160120027",ebe506ef-9d7f-4f05-947e-54865217ccfd,know_more,अधिक जानिए,,2020-11-08 17:43:35,2020-11-08 17:43:35
"796e9c29-982a-46d0-9ccb-c8f389afdc71",ebe506ef-9d7f-4f05-947e-54865217ccfd,enter_quiz_id,क्विज़ आईडी दर्ज करें,,2020-11-08 17:43:53,2020-11-08 17:43:53
"589f59e4-4075-4782-9c9b-29ae4f22328d",ebe506ef-9d7f-4f05-947e-54865217ccfd,am,AM,,2020-11-08 17:44:09,2020-11-08 17:44:09
fb79cf3a-8849-4399-aa2d-98def7ea380f,ebe506ef-9d7f-4f05-947e-54865217ccfd,pm,PM,,2020-11-08 17:44:18,2020-11-08 17:44:18
e04cfa6f-849c-4f6e-927f-8505fc0e97d2,ebe506ef-9d7f-4f05-947e-54865217ccfd,quiz_starts_in,क्विज़ शुरू होगा,,2020-11-08 17:46:09,2020-11-08 17:46:09
"1d09107d-0bb8-4ec4-a57f-12015f113cc0",ebe506ef-9d7f-4f05-947e-54865217ccfd,days,दिन,,2020-11-08 17:46:21,2020-11-08 17:46:21
"740899e6-a2e9-4615-8aae-0c74f7465dff",ebe506ef-9d7f-4f05-947e-54865217ccfd,hours,घंटे,,2020-11-08 17:46:32,2020-11-08 17:46:32
c0c97219-761e-4181-89be-fa239610f0f5,ebe506ef-9d7f-4f05-947e-54865217ccfd,minutes,मिनट,,2020-11-08 17:46:44,2020-11-08 17:46:44
"2df0f56d-badc-4bf1-bb84-4e7f031541fb",ebe506ef-9d7f-4f05-947e-54865217ccfd,invite_friends,मित्रों को आमंत्रित करें,,2020-11-08 17:47:22,2020-11-08 17:47:22
"5f559171-4e33-4a0b-9abb-cd2adff14c1c",ebe506ef-9d7f-4f05-947e-54865217ccfd,start_quiz,क्विज़ शुरू करें,,2020-11-08 17:47:37,2020-11-08 17:47:37
"60e22363-8b1a-429b-90d8-645e7d906171",ebe506ef-9d7f-4f05-947e-54865217ccfd,join_quiz,क्विज़ जाय्न करे,,2020-11-08 17:48:20,2020-11-08 17:48:20
ace457ce-ea0a-4cb4-8314-47be0533d3b3,ebe506ef-9d7f-4f05-947e-54865217ccfd,yes,हाँ,,2020-11-08 17:48:39,2020-11-08 17:48:39
"7c0d6de9-f6f1-4df0-8cbb-b604a04564df",ebe506ef-9d7f-4f05-947e-54865217ccfd,no,नहीं,,2020-11-08 17:48:52,2020-11-08 17:48:52
f0495f69-58f1-496b-ab8a-ec5ef7b6e72f,ebe506ef-9d7f-4f05-947e-54865217ccfd,preparation_kit,तैयारी किट,,2020-11-08 17:49:03,2020-11-08 17:49:03
"23fd74b2-0ecd-4fc7-ab5a-0db01c49f6d7",ebe506ef-9d7f-4f05-947e-54865217ccfd,quiz_questions_will_be_asked_from_these_questions_only.,इन सवालों से ही क्विज के सवाल पूछे जाएंगे।,,2020-11-08 17:49:15,2020-11-08 17:49:15
faca0b2f-eea5-48c5-aa93-1fe940789716,ebe506ef-9d7f-4f05-947e-54865217ccfd,quiz_info,क्विज़ जानकारी,,2020-11-08 17:49:25,2020-11-08 17:49:25
"62dc7d79-0f65-497c-97d5-8915925d6e0c",ebe506ef-9d7f-4f05-947e-54865217ccfd,winning_prize,पुरस्कार राशि,,2020-11-08 17:49:57,2020-11-08 17:49:57
"6488477b-06b1-4c5f-b3b8-18562caeac6e",ebe506ef-9d7f-4f05-947e-54865217ccfd,total_questions,कुल सवाल,,2020-11-08 17:50:19,2020-11-08 17:50:19
"60000c0a-26f8-4d7d-b4d8-edd803823a93",ebe506ef-9d7f-4f05-947e-54865217ccfd,total_winners,कुल विजेता,,2020-11-08 17:50:33,2020-11-08 17:50:33
"65be0f83-2453-4d08-9624-7e78be11fc5b",ebe506ef-9d7f-4f05-947e-54865217ccfd,time_for_1_question,"1 प्रश्न का समय",,2020-11-08 17:52:35,2020-11-08 17:52:35
"67a24ae1-2f17-46ac-8db2-99a0fc108f67",ebe506ef-9d7f-4f05-947e-54865217ccfd,seconds,सेकंड,,2020-11-08 17:52:45,2020-11-08 17:52:45
cd40226b-21a1-4e63-976a-cde562070567,ebe506ef-9d7f-4f05-947e-54865217ccfd,quiz_timings,क्विज़ समय,,2020-11-08 17:52:57,2020-11-08 17:52:57
"00cb71a8-d455-48fe-acae-a4ff2aa9f7a9",ebe506ef-9d7f-4f05-947e-54865217ccfd,winner,विजेता,,2020-11-08 18:06:04,2020-11-08 18:06:04
"8b5cbc17-0279-498d-b07b-9b714dc59ef8",ebe506ef-9d7f-4f05-947e-54865217ccfd,winners_will_be_announced_soon.,विजेताओं की घोषणा जल्द की जाएगी।,,2020-11-08 18:06:18,2020-11-08 18:06:18
"2d2aeb18-c733-42af-b1b2-f5d1aac09f69",ebe506ef-9d7f-4f05-947e-54865217ccfd,participants,प्रतिभागियों,,2020-11-08 18:06:29,2020-11-08 18:06:29
"2785d4b2-8847-43c3-9701-0c1fedb878b6",ebe506ef-9d7f-4f05-947e-54865217ccfd,results,परिणाम,,2020-11-08 18:06:39,2020-11-08 18:06:39
"31049f4d-9fd0-48eb-bd1a-778829750c38",ebe506ef-9d7f-4f05-947e-54865217ccfd,prize_info,पुरस्कार की जानकारी,,2020-11-08 18:07:55,2020-11-08 18:07:55
"75bd40a4-ad31-466c-9329-ecb576337b1e",ebe506ef-9d7f-4f05-947e-54865217ccfd,rank,पद,,2020-11-08 18:08:01,2020-11-08 18:08:01
"06e188da-34d3-491c-982b-9a966bf8f5ec",ebe506ef-9d7f-4f05-947e-54865217ccfd,quiz_time,क्विज़ समय,,2020-11-08 18:08:18,2020-11-08 18:08:18
"360d4869-8a70-4bed-bc1c-7dbf330ad3e3",ebe506ef-9d7f-4f05-947e-54865217ccfd,number_of_participants,प्रतिभागियों की संख्या,,2020-11-08 18:08:34,2020-11-08 18:08:34
"7ecf1c15-b886-4d51-b3d9-d25172063539",ebe506ef-9d7f-4f05-947e-54865217ccfd,create_quiz,क्विज़ बनाएँ,,2020-11-08 18:09:19,2020-11-08 18:09:19
"6f234d4e-1f34-4a0c-8342-fca02d9408ac",ebe506ef-9d7f-4f05-947e-54865217ccfd,invite_&_earn,आमंत्रित करें और कमाएँ,,2020-11-08 18:09:32,2020-11-08 18:09:32
"8dfd6d04-f208-43a0-a4dd-14721cb9e17d",ebe506ef-9d7f-4f05-947e-54865217ccfd,how_to_play,कैसे खेलें,,2020-11-08 18:09:41,2020-11-08 18:09:41
"995098dd-250a-4e8b-a92f-f8ad0627d284",ebe506ef-9d7f-4f05-947e-54865217ccfd,languages,बोली,,2020-11-08 18:09:50,2020-11-08 18:09:50
"1fc3db8d-7fa5-4c40-96ae-5fbfea1f9557",ebe506ef-9d7f-4f05-947e-54865217ccfd,follow_us_on_instagram,हमें इंस्टाग्राम पर फॉलो करें,,2020-11-08 18:10:00,2020-11-08 18:10:00
"89081151-35b8-4708-a0d6-07e748042d8f",ebe506ef-9d7f-4f05-947e-54865217ccfd,follow_us_on_facebook,हमें फ़ेसबुक पर फ़ॉलो करें,,2020-11-08 18:10:08,2020-11-08 18:10:08
"928adbaa-c6b1-4388-a513-e19e7da48d17",ebe506ef-9d7f-4f05-947e-54865217ccfd,go_to_website,वेबसाइट पर जाएं,,2020-11-08 18:10:17,2020-11-08 18:10:17
"5df1039b-ca41-4bda-bf2c-fbe1b8921b0b",ebe506ef-9d7f-4f05-947e-54865217ccfd,faqs,पूछे जाने वाले प्रश्न,,2020-11-08 18:10:25,2020-11-08 18:10:25
"3e05f2df-c18a-47a3-9677-15421b7b2a19",ebe506ef-9d7f-4f05-947e-54865217ccfd,terms_and_conditions,नियम और शर्तें,,2020-11-08 18:10:34,2020-11-08 18:10:34
"0d251019-f0e6-4fac-b7d4-f7c6dca201f9",ebe506ef-9d7f-4f05-947e-54865217ccfd,privacy_policy,गोपनीयता नीति,,2020-11-08 18:10:45,2020-11-08 18:10:45
"16f265f0-b508-4d55-aca1-f62ef42626ab",ebe506ef-9d7f-4f05-947e-54865217ccfd,logout,लॉग आउट,,2020-11-08 18:10:53,2020-11-08 18:10:53
"840c4a96-bdc5-4fe4-adb0-2ede2d3db320",c26e25a5-9846-467d-8531-840d59f01abf,request_otp,OTP ਭੇਜੋ,,2020-11-08 18:22:27,2020-11-08 18:22:27
db643968-f0fd-4e2e-adf6-bd437e2117aa,"6c480209-4b6c-4cd2-a982-e37836c300cf",request_otp,Send OTP,,2020-11-08 18:20:32,2020-11-08 18:24:46
f2396539-b652-4b7f-b0ad-b8b9da41dc9d,"06347c2b-8e06-4486-b82d-1efa73e27a94",request_otp,ઓટીપી મોકલો,,2020-11-08 18:21:28,2020-11-08 18:25:12
"0f00e139-0fa7-499c-9a10-6da31f6ea72c",ebe506ef-9d7f-4f05-947e-54865217ccfd,verify_otp,ओटीपी जमा करें,,2020-11-08 20:47:25,2020-11-08 20:47:25
c03718e3-de65-4b51-8421-030d97fb284c,ebe506ef-9d7f-4f05-947e-54865217ccfd,didnt_get_the_code_resend,कोड नहीं मिला? फिर से भेजो,,2020-11-08 20:47:45,2020-11-08 20:47:45
"83c6c774-4464-4ec0-8f34-3289670bb0eb",ebe506ef-9d7f-4f05-947e-54865217ccfd,otp_sent_to,ओटीपी को भेजा गया,,2020-11-08 20:47:58,2020-11-08 20:47:58
eaf53897-cdc0-434a-8395-385441e3b387,ebe506ef-9d7f-4f05-947e-54865217ccfd,otp_screen_alert,आपकी गोपनीयता हमारी प्राथमिकता है। हम आपके व्यक्तिगत विवरण किसी के साथ साझा नहीं करते हैं।,,2020-11-08 20:48:23,2020-11-08 20:48:23
"523fb890-148c-4af0-93a8-7da9df498316",ebe506ef-9d7f-4f05-947e-54865217ccfd,enter_your_phone_number,अपना मोबाइल नंबर दर्ज करें,,2020-11-08 20:48:36,2020-11-08 20:48:36
"87f6420e-ed04-4bb6-aeaa-8b379c21cf3f",ebe506ef-9d7f-4f05-947e-54865217ccfd,enter_your_details,अपना विवरण दर्ज करें,,2020-11-08 20:48:52,2020-11-08 20:48:52
e9a2928b-b32d-47f1-8027-2a5a74306c7a,ebe506ef-9d7f-4f05-947e-54865217ccfd,is_it_a_private_quiz,क्या यह एक निजी क्विज़ है?,,2020-11-08 18:09:11,2020-11-08 21:14:38
adf1d8a6-4f79-45b0-8d76-4b3ea15e68b5,ebe506ef-9d7f-4f05-947e-54865217ccfd,total_participants,कुल पक्षकार,,2020-11-08 17:50:08,2020-11-08 23:34:26
"38bad446-40d9-4780-a471-418bc11a486a",ebe506ef-9d7f-4f05-947e-54865217ccfd,create_quiz_heading,क्विज़ बनाएँ,,2020-11-08 18:08:10,2020-11-09 01:51:46
"51a0a4ff-8bc7-46c7-9912-58750e3f5334",ebe506ef-9d7f-4f05-947e-54865217ccfd,request_otp,ओटीपी भेजें,,2020-11-08 20:49:04,2020-11-08 20:49:04
"82636bc3-02c5-495c-a43e-a392dd473805",ebe506ef-9d7f-4f05-947e-54865217ccfd,"20_will_be_deducted_as_service_charge","20% सेवा शुल्क के रूप में काटा जाएगा",,2020-11-08 17:03:01,2020-11-08 21:04:57
a4598893-559e-4d83-b6aa-99bed83dc2bb,ebe506ef-9d7f-4f05-947e-54865217ccfd,are_you_sure,क्या आपको यकीन है?,,2020-11-08 17:48:30,2020-11-08 21:12:16
c09bf58e-4c18-4e12-9b07-621f31c04cbc,"6c480209-4b6c-4cd2-a982-e37836c300cf",enter_your_details,Enter Your Details,,2020-11-08 21:47:22,2020-11-08 21:47:22
"7ec5d6d8-0088-4df2-9e80-8bb1bb24ddc7","6c480209-4b6c-4cd2-a982-e37836c300cf",enter_your_phone_number,Enter Your Phone Number,,2020-11-08 21:47:35,2020-11-08 21:47:35
"54e48992-c419-4184-a1ba-5ea8e035946b","6c480209-4b6c-4cd2-a982-e37836c300cf",otp_screen_alert,Your privacy is our priority. We don’t share your personal details with anyone.,,2020-11-08 21:47:45,2020-11-08 21:47:45
b9c8e7c2-4bcc-471a-b672-3b6f6763fe0b,"6c480209-4b6c-4cd2-a982-e37836c300cf",otp_sent_to,OTP Sent to,,2020-11-08 21:47:58,2020-11-08 21:47:58
"5cf19352-4190-4e4e-bbdc-b374d01cd673","6c480209-4b6c-4cd2-a982-e37836c300cf",didnt_get_the_code_resend,Didn’t get the code? Resend,,2020-11-08 21:48:08,2020-11-08 21:48:08
a02c54be-48b3-4625-bab0-6468af1fbc3d,"6c480209-4b6c-4cd2-a982-e37836c300cf",verify_otp,Submit OTP,,2020-11-08 21:48:23,2020-11-08 21:48:23
"383f916f-4ec5-4173-a1b2-e6d4a9ca1bbb","6c480209-4b6c-4cd2-a982-e37836c300cf",today,Today,,2020-11-08 21:48:47,2020-11-08 21:48:47
"580cd913-3788-448b-93b1-4ef42da691e1","6c480209-4b6c-4cd2-a982-e37836c300cf",this_month,This Month,,2020-11-08 21:49:09,2020-11-08 21:49:09
"81b771b2-0148-405c-ac55-c24c4ea80097","6c480209-4b6c-4cd2-a982-e37836c300cf",choose_a_period,Choose a Period,,2020-11-08 21:49:18,2020-11-08 21:49:18
d39afb11-205b-4c18-85af-4e82f435d6cc,"6c480209-4b6c-4cd2-a982-e37836c300cf",none,None,,2020-11-08 21:49:28,2020-11-08 21:49:28
ac8f86dd-b284-47ac-95e3-20ff5d89c097,"6c480209-4b6c-4cd2-a982-e37836c300cf",buy_coins,BUY COINS,,2020-11-08 21:49:53,2020-11-08 21:49:53
"5349b035-19d0-42ec-aa47-e3c53fac36e6","6c480209-4b6c-4cd2-a982-e37836c300cf",redeem_coins,REDEEM COINS,,2020-11-08 21:50:01,2020-11-08 21:50:01
c8c546f7-87b1-4249-973a-ab8db176d612,"6c480209-4b6c-4cd2-a982-e37836c300cf",withdraw_money,Withdraw Money,,2020-11-08 21:50:10,2020-11-08 21:50:10
ed88bb34-54df-4c72-9b64-ac0ac8e67b4c,"6c480209-4b6c-4cd2-a982-e37836c300cf",quiz_suspended,Quiz Suspended,,2020-11-08 21:50:26,2020-11-08 21:50:26
"35b314a3-84c3-4daf-82b6-d89a15155c03","6c480209-4b6c-4cd2-a982-e37836c300cf",quiz_joined,Quiz Joined,,2020-11-08 21:50:42,2020-11-08 21:50:42
"7baf32cd-ddf7-4f86-85ec-fc81159be19d","6c480209-4b6c-4cd2-a982-e37836c300cf",joining_bonus,Joining Bonus,,2020-11-08 21:50:52,2020-11-08 21:50:52
"27d5e8d7-0b06-4a77-bbd6-df4cc1a17e25","6c480209-4b6c-4cd2-a982-e37836c300cf",total_earning_till_now,Total Earning till now,,2020-11-08 21:51:02,2020-11-08 21:51:02
"48768792-a4fb-4322-b881-8adc810f87b0","6c480209-4b6c-4cd2-a982-e37836c300cf",select_operator,Select Operator,,2020-11-08 21:51:12,2020-11-08 21:51:12
fdd80e78-00c9-42bc-998a-a27f345c6222,"6c480209-4b6c-4cd2-a982-e37836c300cf",enter_your_mobile_number,Enter your Mobile number,,2020-11-08 21:51:26,2020-11-08 21:51:26
"98b1492d-b18b-4a8b-a460-5b285f52b674","6c480209-4b6c-4cd2-a982-e37836c300cf",enter_number_of_coins_to_be_redeemed,Enter number of coins to be redeemed,,2020-11-08 21:51:34,2020-11-08 21:51:34
"7ddcd455-c2f6-4e20-8281-445845295724","6c480209-4b6c-4cd2-a982-e37836c300cf","20_will_be_deducted_as_service_charge","20% will be deducted as Service Charge",,2020-11-08 21:51:42,2020-11-08 21:51:42
d6808f04-e4da-422a-a263-49e55cabc11f,"6c480209-4b6c-4cd2-a982-e37836c300cf",withdraw,WITHDRAW,,2020-11-08 21:52:09,2020-11-08 21:52:09
"137fd954-ddb4-4c2d-9948-ca1619658fae","6c480209-4b6c-4cd2-a982-e37836c300cf",coin_mall,Coin Mall,,2020-11-08 21:52:18,2020-11-08 21:52:18
abbe88f5-9ce5-4deb-adce-9ca5f667d183,"6c480209-4b6c-4cd2-a982-e37836c300cf",pile_of_coins,Pile of Coins,,2020-11-08 21:52:25,2020-11-08 21:52:25
afc98bd0-150e-41eb-adf4-2849c43d2068,"6c480209-4b6c-4cd2-a982-e37836c300cf",wallet_of_coins,Wallet of Coins,,2020-11-08 21:52:35,2020-11-08 21:52:35
"1ab20757-01e0-4c32-99ca-5139ae581511","6c480209-4b6c-4cd2-a982-e37836c300cf",sack_of_coins,Sack of Coins,,2020-11-08 21:52:44,2020-11-08 21:52:44
eb77ebef-554e-403b-ab3e-0bc73a74464a,"6c480209-4b6c-4cd2-a982-e37836c300cf",trolley_of_coins,Trolley of Coins,,2020-11-08 21:53:01,2020-11-08 21:53:01
e223c80c-069a-41f8-93a8-8275ddd3e838,"6c480209-4b6c-4cd2-a982-e37836c300cf",coins,Coins,,2020-11-08 21:53:09,2020-11-08 21:53:09
"7383390f-7d3b-4b49-b7ec-2624323b0fe7","6c480209-4b6c-4cd2-a982-e37836c300cf",edit_profile,Edit Profile,,2020-11-08 21:53:18,2020-11-08 21:53:18
ad0b2e07-0c41-448a-a8aa-d38da4add6a3,"6c480209-4b6c-4cd2-a982-e37836c300cf",upload_your_avatar,Upload your Avatar,,2020-11-08 21:53:27,2020-11-08 21:53:27
"1298b272-3900-471c-ab4b-535e00fe20ec","6c480209-4b6c-4cd2-a982-e37836c300cf",male,Male,,2020-11-08 21:53:39,2020-11-08 21:53:39
"952794c4-c711-4355-bb5e-977f66379819","6c480209-4b6c-4cd2-a982-e37836c300cf",female,Female,,2020-11-08 21:53:48,2020-11-08 21:53:48
"428bdac8-0697-4110-a8af-18c2e1f73372","6c480209-4b6c-4cd2-a982-e37836c300cf",submit,SUBMIT,,2020-11-08 21:55:21,2020-11-08 21:55:21
"7aa00ff8-ad54-4cf8-b982-1eda647bc3d1","6c480209-4b6c-4cd2-a982-e37836c300cf",hosted,Hosted,,2020-11-08 21:55:34,2020-11-08 21:55:34
baa0f47b-159b-4599-83a5-96b7d9a80c17,"6c480209-4b6c-4cd2-a982-e37836c300cf",joined,Joined,,2020-11-08 21:55:42,2020-11-08 21:55:42
dc94a3a9-e3c8-442e-9de9-2b17dcb0059f,"6c480209-4b6c-4cd2-a982-e37836c300cf",won,Won,,2020-11-08 21:55:53,2020-11-08 21:55:53
"8e79a7eb-0e1c-4d8c-a7f5-c69a1c54e6fd","6c480209-4b6c-4cd2-a982-e37836c300cf",lost,Lost,,2020-11-08 21:56:13,2020-11-08 21:56:13
ac2e5210-1ed2-4e83-b0d9-67638b908fae,"6c480209-4b6c-4cd2-a982-e37836c300cf",cancelled,Cancelled,,2020-11-08 21:56:23,2020-11-08 21:56:23
"8911f701-28c1-4299-8272-b76d0a34a5e4","6c480209-4b6c-4cd2-a982-e37836c300cf",missed,Missed,,2020-11-08 21:56:33,2020-11-08 21:56:33
d1e66969-11f1-4d78-b4e9-8f0ebd4e2736,"6c480209-4b6c-4cd2-a982-e37836c300cf",enter_your_name,Enter Your Name,,2020-11-08 21:56:42,2020-11-08 21:56:42
ede5e0b9-4281-40b6-9c54-95159dc27ad0,"6c480209-4b6c-4cd2-a982-e37836c300cf",enter_your_email,Enter Your Email,,2020-11-08 21:56:52,2020-11-08 21:56:52
"41128fa1-e0eb-49b6-af85-a66c0fba4cbc","6c480209-4b6c-4cd2-a982-e37836c300cf",enter_your_username,Enter Your Username,,2020-11-08 21:56:59,2020-11-08 21:56:59
"3d40e4b9-5e71-4617-a388-10cfd6a5e40e","6c480209-4b6c-4cd2-a982-e37836c300cf",name_is_required,Name is Required,,2020-11-08 21:57:17,2020-11-08 21:57:17
"4df68c94-df23-402e-a309-cf51bd8e89f8","6c480209-4b6c-4cd2-a982-e37836c300cf",username_is_required,Username is Required,,2020-11-08 21:57:25,2020-11-08 21:57:25
fcd804e8-334a-443d-a3e2-9fb3f6f16eba,"6c480209-4b6c-4cd2-a982-e37836c300cf",email_is_required,Email is Required,,2020-11-08 21:58:38,2020-11-08 21:58:38
"3d261fd0-942a-444e-b7fd-95d78668e92e","6c480209-4b6c-4cd2-a982-e37836c300cf",quiz_bottommenu,QUIZ,,2020-11-08 21:59:54,2020-11-08 21:59:54
ec71aa44-fe7c-4c82-8c59-28b435fb9c89,"6c480209-4b6c-4cd2-a982-e37836c300cf",timing,Timing,,2020-11-08 23:21:29,2020-11-08 23:23:17
"88cd6589-83f9-45ef-9624-9ee7a39c0c1b","6c480209-4b6c-4cd2-a982-e37836c300cf",sort_by,Sort By,,2020-11-08 23:23:39,2020-11-08 23:23:39
bdd9f192-d323-475f-ad8f-7c111b41a6c5,"6c480209-4b6c-4cd2-a982-e37836c300cf",total_coins,Total Coins,,2020-11-08 23:11:59,2020-11-08 23:11:59
ba5253e7-ffe1-4d39-aab6-cbf0b27a2503,"6c480209-4b6c-4cd2-a982-e37836c300cf",scoreboard_bottommenu,SCOREBOARD,,2020-11-08 21:48:37,2020-11-08 23:14:42
e3aee5e5-be61-4db5-b328-fbe78ae4df26,"6c480209-4b6c-4cd2-a982-e37836c300cf",wallet_bottommenu,WALLET,,2020-11-08 21:49:37,2020-11-08 23:15:22
"0244f848-dafa-4e32-8b7a-d821d6ded8c6","6c480209-4b6c-4cd2-a982-e37836c300cf",segment,Quiz Type,,2020-11-08 23:21:18,2020-11-08 23:21:18
"57898e91-a975-4410-bcde-4dd2e0740e22","6c480209-4b6c-4cd2-a982-e37836c300cf",sort_&_filters,Sort & Filters,,2020-11-08 23:21:42,2020-11-08 23:21:42
d2dd3c14-cddb-4a26-8dc8-2179a14cb703,"6c480209-4b6c-4cd2-a982-e37836c300cf",clear,Clear,,2020-11-08 23:21:52,2020-11-08 23:21:52
"253fcab1-07b7-4677-a3b9-df424825acf6","6c480209-4b6c-4cd2-a982-e37836c300cf",prize_amount,Prize Amount,,2020-11-08 23:23:49,2020-11-08 23:23:49
bd26c9c5-77ba-4117-9fe2-b8a330fb4845,"6c480209-4b6c-4cd2-a982-e37836c300cf",high_to_low,High to Low,,2020-11-08 23:24:00,2020-11-08 23:24:00
ca9640e8-96fc-4caf-9536-c145afece973,"6c480209-4b6c-4cd2-a982-e37836c300cf",low_to_high,Low to High,,2020-11-08 23:24:09,2020-11-08 23:24:09
"1bc5c2e0-c6cd-4d63-a3f9-9ab4462f0144","6c480209-4b6c-4cd2-a982-e37836c300cf",participants,Participants,,2020-11-08 23:24:18,2020-11-08 23:24:18
"5ec0743f-662a-4ff4-9b4f-388e8a0f05d7","6c480209-4b6c-4cd2-a982-e37836c300cf",entry_fee,Entry Fee,,2020-11-08 23:24:27,2020-11-08 23:24:27
"110d1ef5-5e27-4fc3-9942-adcb9ec26612","6c480209-4b6c-4cd2-a982-e37836c300cf",quiz_id,Quiz ID,,2020-11-08 23:24:37,2020-11-08 23:24:37
da2d447a-3815-4fd5-bb31-e14d642f95c4,"6c480209-4b6c-4cd2-a982-e37836c300cf",hosted_by,Host is:,,2020-11-08 23:24:48,2020-11-08 23:24:48
"378d8816-cb03-4c9c-85d4-423e6fd9eb07","6c480209-4b6c-4cd2-a982-e37836c300cf",win_upto,Win Upto,,2020-11-08 23:25:04,2020-11-08 23:25:04
"9261ad11-dcf0-4dd3-9d38-bd33f3769f5b","6c480209-4b6c-4cd2-a982-e37836c300cf",join,Join,,2020-11-08 23:25:35,2020-11-08 23:25:35
"7b107ccf-557b-4783-b9bf-c4125c6ac4f5","6c480209-4b6c-4cd2-a982-e37836c300cf",know_more,Know More,,2020-11-08 23:25:57,2020-11-08 23:25:57
"96148a4c-9037-46f7-a32c-8de1ef7bcca3",ebe506ef-9d7f-4f05-947e-54865217ccfd,this_week,इस सप्ताह,,2020-11-08 21:48:59,2020-11-09 12:17:11
c4c01e74-e9e8-49da-a947-78491534f084,"6c480209-4b6c-4cd2-a982-e37836c300cf",quiz_hosted,Hosted Quiz,,2020-11-08 23:22:02,2020-11-09 13:15:36
"1f98607e-e1bb-4bec-939a-1bfc0fbd9924","6c480209-4b6c-4cd2-a982-e37836c300cf",treasure_chest_of_coins,Chest of Coins,,2020-11-08 21:52:53,2020-11-09 12:47:12
"34be41b6-84d8-467b-aa86-2bc5b249394d","6c480209-4b6c-4cd2-a982-e37836c300cf",quiz_won,Won Quiz,,2020-11-08 21:50:34,2020-11-09 13:21:03
e1bf5639-03f2-44fb-a0a3-405fe6cce7e4,"6c480209-4b6c-4cd2-a982-e37836c300cf",date_of_birth_ddmmyyyy,Date of Birth(DD/MM/YYYY),,2020-11-08 21:57:07,2020-11-09 13:24:08
bea017e2-2ae4-46f1-a283-2d041179f1cc,"6c480209-4b6c-4cd2-a982-e37836c300cf",enter_quiz_id,Enter Quiz ID,,2020-11-08 23:26:09,2020-11-08 23:26:09
"203eb80f-a0b8-4fdd-a0ad-f7b1a74ac6ad","6c480209-4b6c-4cd2-a982-e37836c300cf",am,AM,,2020-11-08 23:26:19,2020-11-08 23:26:19
"613647f0-7dc3-4867-953b-f486ad43e037","6c480209-4b6c-4cd2-a982-e37836c300cf",pm,PM,,2020-11-08 23:26:30,2020-11-08 23:26:30
caedf08b-79a1-4286-9b9a-d35a836e9ccc,"6c480209-4b6c-4cd2-a982-e37836c300cf",quiz_starts_in,Quiz Will Start in,,2020-11-08 23:27:05,2020-11-08 23:27:05
"0366a647-f00e-4029-9ca5-0bfeb2925042","6c480209-4b6c-4cd2-a982-e37836c300cf",days,Days,,2020-11-08 23:27:14,2020-11-08 23:27:14
"006baee3-60f8-402a-b287-66dd9099cc1c","6c480209-4b6c-4cd2-a982-e37836c300cf",hours,Hours,,2020-11-08 23:27:25,2020-11-08 23:27:25
d8537cdc-e875-4629-ace9-62c74bb5396b,"6c480209-4b6c-4cd2-a982-e37836c300cf",minutes,Minutes,,2020-11-08 23:27:40,2020-11-08 23:27:40
cf745867-ed4b-48c4-8ea9-ca20a0339be6,"6c480209-4b6c-4cd2-a982-e37836c300cf",seconds,Seconds,,2020-11-08 23:27:49,2020-11-08 23:27:49
"7ffc6d22-7d88-46da-863c-655d71f2c5e5","6c480209-4b6c-4cd2-a982-e37836c300cf",invite_friends,Invite Friends,,2020-11-08 23:27:58,2020-11-08 23:27:58
ad656ff2-787a-471b-864f-62e63cc81655,"6c480209-4b6c-4cd2-a982-e37836c300cf",start_quiz,Start Quiz,,2020-11-08 23:28:07,2020-11-08 23:28:07
"5730c383-489a-4c9a-a1df-e43bcfa71d38","6c480209-4b6c-4cd2-a982-e37836c300cf",join_quiz,Join Quiz,,2020-11-08 23:28:21,2020-11-08 23:28:21
"7d1c5dbf-2896-4d9a-a1f9-f46dc14ec53f","6c480209-4b6c-4cd2-a982-e37836c300cf",are_you_sure,Are you sure?,,2020-11-08 23:28:31,2020-11-08 23:28:31
"89a1b85a-bfc1-4682-b28c-08f1d1f6b16c","6c480209-4b6c-4cd2-a982-e37836c300cf",yes,Yes,,2020-11-08 23:28:42,2020-11-08 23:28:42
"31f73d77-d9b1-4ba4-ba91-a884e17656ae","6c480209-4b6c-4cd2-a982-e37836c300cf",no,No,,2020-11-08 23:28:52,2020-11-08 23:28:52
"23a57889-d6f9-4346-ba91-1b0f9c124814","6c480209-4b6c-4cd2-a982-e37836c300cf",preparation_kit,Preparation Kit,,2020-11-08 23:29:07,2020-11-08 23:29:07
"55cf5c5f-1c3e-4f50-a1c8-d21a6e9ae837","6c480209-4b6c-4cd2-a982-e37836c300cf",quiz_questions_will_be_asked_from_these_questions_only,Quiz questions will be asked from these questions only.,,2020-11-08 23:29:20,2020-11-08 23:29:20
"96a7de63-86dc-4190-bc1e-73badaf42734","6c480209-4b6c-4cd2-a982-e37836c300cf",quiz_info,Quiz Info,,2020-11-08 23:29:31,2020-11-08 23:29:31
"50d90ee1-72d2-423b-af91-55c36fe09e95","6c480209-4b6c-4cd2-a982-e37836c300cf",winning_prize,Prize Amount,,2020-11-08 23:33:29,2020-11-08 23:33:29
"55ee755b-03a6-439d-871a-84ef6c934d75","6c480209-4b6c-4cd2-a982-e37836c300cf",total_participants,Total Participants,,2020-11-08 23:33:54,2020-11-08 23:33:54
"3ca8fd2b-d5db-4df1-be19-ffc25f0712da","6c480209-4b6c-4cd2-a982-e37836c300cf",total_questions,Total Questions,,2020-11-08 23:34:48,2020-11-08 23:34:48
"783b2615-f00d-4759-b004-37e35f528672","6c480209-4b6c-4cd2-a982-e37836c300cf",total_winners,Total Winners,,2020-11-08 23:34:59,2020-11-08 23:34:59
db459032-eece-41cf-84bd-8624a44881c3,"6c480209-4b6c-4cd2-a982-e37836c300cf",time_for_1_question,Time for 1 Question,,2020-11-08 23:35:07,2020-11-08 23:35:07
bd24c353-a0fb-4f3e-a665-280cdb6c7cfe,"6c480209-4b6c-4cd2-a982-e37836c300cf",quiz_timings,Quiz Timings,,2020-11-08 23:35:54,2020-11-08 23:35:54
f3fda987-5aa1-47bd-a730-13c3008cfe95,"6c480209-4b6c-4cd2-a982-e37836c300cf",winner,Winners,,2020-11-08 23:36:02,2020-11-08 23:36:02
"26015968-0fba-48d1-91fc-243d779b2be3","6c480209-4b6c-4cd2-a982-e37836c300cf",winners_will_be_announced_soon,Winners will be announced soon.,,2020-11-08 23:36:26,2020-11-08 23:36:26
"012f884f-ed99-4d35-8482-5f6fab608696","6c480209-4b6c-4cd2-a982-e37836c300cf",results,Results,,2020-11-08 23:37:01,2020-11-08 23:37:01
"1a76c453-f68d-4d8c-9273-ddd19a25fbe8","6c480209-4b6c-4cd2-a982-e37836c300cf",prize_info,Prize Info,,2020-11-08 23:37:25,2020-11-08 23:37:25
"990ca957-5397-45ca-b13f-1018271a413e","6c480209-4b6c-4cd2-a982-e37836c300cf",rank,Rank,,2020-11-08 23:37:34,2020-11-08 23:37:34
"6b392740-1325-4606-85e7-694400036b40","6c480209-4b6c-4cd2-a982-e37836c300cf",quiz_time,Quiz Time,,2020-11-08 23:37:56,2020-11-08 23:37:56
"80734c09-76da-4e3c-8490-4c7c864585c3","6c480209-4b6c-4cd2-a982-e37836c300cf",number_of_participants,Number of participants,,2020-11-08 23:38:06,2020-11-08 23:38:06
"147c90a1-5c93-4cc3-b0b9-396ce504b88d","6c480209-4b6c-4cd2-a982-e37836c300cf",is_it_a_private_quiz,Is it a private quiz?,,2020-11-08 23:38:16,2020-11-08 23:38:16
f27dad05-be96-4019-8a3f-45e2449376a6,"6c480209-4b6c-4cd2-a982-e37836c300cf",create_quiz,CREATE QUIZ,,2020-11-08 23:38:39,2020-11-08 23:38:39
"5a51283f-2eae-4a66-805c-1793fb1bbae6","6c480209-4b6c-4cd2-a982-e37836c300cf",invite_&_earn,Invite & Earn,,2020-11-08 23:39:04,2020-11-08 23:39:04
"47ad3d17-f2ac-424d-95e9-fefc3e5fc805","6c480209-4b6c-4cd2-a982-e37836c300cf",how_to_play,How to Play,,2020-11-08 23:39:12,2020-11-08 23:39:12
"0af23d2b-8b11-4639-8fbe-39718fe9efaf","6c480209-4b6c-4cd2-a982-e37836c300cf",languages,Languages,,2020-11-08 23:39:20,2020-11-08 23:39:20
"6390e88f-5eb8-4993-9594-6e8847b377f1","6c480209-4b6c-4cd2-a982-e37836c300cf",follow_us_on_instagram,Follow us on Instagram,,2020-11-08 23:39:29,2020-11-08 23:39:29
e649c3ab-a2b4-432b-aac8-68661d37a76a,"6c480209-4b6c-4cd2-a982-e37836c300cf",follow_us_on_facebook,Follow us on Facebook,,2020-11-08 23:39:38,2020-11-08 23:39:38
"4c50c7e7-81c2-495e-94df-2c144bf5dc9f","6c480209-4b6c-4cd2-a982-e37836c300cf",go_to_website,Go to Website,,2020-11-08 23:39:47,2020-11-08 23:39:47
"9a098f4a-9269-46b5-9e7e-04d92f9a6f41","6c480209-4b6c-4cd2-a982-e37836c300cf",faqs,FAQs,,2020-11-08 23:39:57,2020-11-08 23:39:57
b9eec2e3-4e7a-47ab-8027-d7d435647fa0,"6c480209-4b6c-4cd2-a982-e37836c300cf",terms_and_conditions,Terms and Conditions,,2020-11-08 23:40:05,2020-11-08 23:40:05
ddae2355-eef0-4f17-9190-32e3a4441ef8,"6c480209-4b6c-4cd2-a982-e37836c300cf",privacy_policy,Privacy Policy,,2020-11-08 23:40:14,2020-11-08 23:40:14
"24d335fc-f3eb-47cb-915b-fdbf30d971f2","6c480209-4b6c-4cd2-a982-e37836c300cf",logout,LOGOUT,,2020-11-08 23:40:22,2020-11-08 23:40:22
"5e746b4c-29e4-46b6-bbce-663190cf015b","6c480209-4b6c-4cd2-a982-e37836c300cf",please_complete_the_quiz_first,Please complete the Quiz first.,,2020-11-08 23:37:14,2020-11-09 01:24:27
"56f6f6f0-5a11-47ba-9385-ddfa86bf014c","6c480209-4b6c-4cd2-a982-e37836c300cf",create_quiz_heading,Create Quiz,,2020-11-08 23:37:46,2020-11-09 01:51:28
d7fcd746-04dd-47e8-9187-2814c11b1c33,ebe506ef-9d7f-4f05-947e-54865217ccfd,please_complete_the_quiz_first,कृपया पहले क्विज़ पूरा करें।,,2020-11-08 18:06:49,2020-11-09 01:56:33
"6110fa1a-5dd1-47e5-a8f5-f61f8c3286b7","6c480209-4b6c-4cd2-a982-e37836c300cf",this_week,This Week,,2020-11-09 12:25:27,2020-11-09 12:25:27
"4dc07710-3d50-4aaf-b87e-dba913129fe3","6c480209-4b6c-4cd2-a982-e37836c300cf",purchased_coins,Purchased Coins,,2020-11-09 13:08:02,2020-11-09 13:08:02
fcf046ee-3c79-43b4-abb1-d63349e85d12,ebe506ef-9d7f-4f05-947e-54865217ccfd,purchased_coins,सिक्के खरीदे,,2020-11-09 13:09:02,2020-11-09 13:09:02
"5354c8a3-ca3b-498e-b51b-02c5d6f7bbed","6c480209-4b6c-4cd2-a982-e37836c300cf",gifted_coins,Gifted Coins,,2020-11-09 13:11:09,2020-11-09 13:11:09
"1bd30630-69a3-47d5-aba1-5932f387afbb",ebe506ef-9d7f-4f05-947e-54865217ccfd,gifted_coins,उपहार के रूप में सिक्के,,2020-11-09 13:11:41,2020-11-09 13:11:41
e4fbb161-12fc-4ed2-aa8b-db8748313f1e,"6c480209-4b6c-4cd2-a982-e37836c300cf",referral_bonus,Referral Bonus,,2020-11-09 13:18:46,2020-11-09 13:18:46
"636e2d22-b54b-42c6-a84a-bcc44695e0c1",ebe506ef-9d7f-4f05-947e-54865217ccfd,referral_bonus,रेफरल बोनस,,2020-11-09 13:19:26,2020-11-09 13:19:26
