id,category_id,created_at,updated_at
8bc39bf4-0fb1-4bf7-ade3-67b62495a39e,f22aa3a1-1a6e-4e3d-ba3f-c90cabdc19d6,2020-01-04 07:37:00,2020-01-04 07:37:00
db2d3030-b1c7-47f9-995c-36377e437eaf,f22aa3a1-1a6e-4e3d-ba3f-c90cabdc19d6,2020-01-04 07:37:00,2020-01-04 07:37:00
461e5dd8-0add-441c-aa84-e12ee41f84a0,f22aa3a1-1a6e-4e3d-ba3f-c90cabdc19d6,2020-01-04 07:37:00,2020-01-04 07:37:00
7e47abb5-f030-482d-a1af-7c62b94436f2,f22aa3a1-1a6e-4e3d-ba3f-c90cabdc19d6,2020-01-04 07:37:00,2020-01-04 07:37:00
d28c819b-c798-460e-9b26-92e683fdc341,f22aa3a1-1a6e-4e3d-ba3f-c90cabdc19d6,2020-01-04 07:37:00,2020-01-04 07:37:00
3f09ce47-093a-4e58-be38-ac771125d628,f22aa3a1-1a6e-4e3d-ba3f-c90cabdc19d6,2020-01-04 07:37:00,2020-01-04 07:37:00
2311e95c-4d2b-4fd6-ab98-6c4d42ba6a88,f22aa3a1-1a6e-4e3d-ba3f-c90cabdc19d6,2020-01-04 07:37:00,2020-01-04 07:37:00
5be8504b-4ae5-48f5-8fbe-701cce65ba65,f22aa3a1-1a6e-4e3d-ba3f-c90cabdc19d6,2020-01-04 07:37:00,2020-01-04 07:37:00
5eb9bca5-d0b7-4ac8-a0af-6565e8a4aee6,f22aa3a1-1a6e-4e3d-ba3f-c90cabdc19d6,2020-01-04 07:37:00,2020-01-04 07:37:00
e9fab46a-a482-4f17-a660-cb108b1a3c3c,f22aa3a1-1a6e-4e3d-ba3f-c90cabdc19d6,2020-01-04 07:37:00,2020-01-04 07:37:00
3d29f718-9b20-43de-b9a0-42bf526c52cb,f22aa3a1-1a6e-4e3d-ba3f-c90cabdc19d6,2020-01-04 07:37:00,2020-01-04 07:37:00
49c3a8a9-c855-4749-b1f4-b890382d2fbb,f22aa3a1-1a6e-4e3d-ba3f-c90cabdc19d6,2020-01-04 07:37:00,2020-01-04 07:37:00
2bb4815f-166f-4125-8770-c3f134e8da9d,f22aa3a1-1a6e-4e3d-ba3f-c90cabdc19d6,2020-01-04 07:37:00,2020-01-04 07:37:00
ca89b1f7-cd98-46ba-b5c3-5e8d281b1bf9,f22aa3a1-1a6e-4e3d-ba3f-c90cabdc19d6,2020-01-04 07:37:00,2020-01-04 07:37:00
93dba0f5-0a00-4235-9b1e-05d5cf1ebc9c,f22aa3a1-1a6e-4e3d-ba3f-c90cabdc19d6,2020-01-04 07:37:00,2020-01-04 07:37:00
84fb12eb-9c0a-4cdb-99cf-0db29888b450,f22aa3a1-1a6e-4e3d-ba3f-c90cabdc19d6,2020-01-04 07:37:00,2020-01-04 07:37:00
7d7e0c10-1575-4def-8530-722f21e0d142,f22aa3a1-1a6e-4e3d-ba3f-c90cabdc19d6,2020-01-04 07:37:00,2020-01-04 07:37:00
372bb523-ab20-4c49-a3a1-fadbcf0b0417,f22aa3a1-1a6e-4e3d-ba3f-c90cabdc19d6,2020-01-04 07:37:00,2020-01-04 07:37:00
a5b9ac31-7b63-41a4-873c-0dde19daffcf,f22aa3a1-1a6e-4e3d-ba3f-c90cabdc19d6,2020-01-04 07:37:00,2020-01-04 07:37:00
d05d4911-3bdc-4913-8b19-32852afc22ff,f22aa3a1-1a6e-4e3d-ba3f-c90cabdc19d6,2020-01-04 07:37:00,2020-01-04 07:37:00
9d1d02e1-e467-4814-b127-8c0a8f03cadc,f22aa3a1-1a6e-4e3d-ba3f-c90cabdc19d6,2020-01-04 07:37:00,2020-01-04 07:37:00
18f1c56a-705e-45da-9d77-d6dea930e27c,f22aa3a1-1a6e-4e3d-ba3f-c90cabdc19d6,2020-01-04 07:37:00,2020-01-04 07:37:00
df0dc635-6a7b-4e67-b039-f570c40d8d30,f22aa3a1-1a6e-4e3d-ba3f-c90cabdc19d6,2020-01-04 07:37:00,2020-01-04 07:37:00
f01701f2-d67e-4f99-a0e2-1573a2563543,f22aa3a1-1a6e-4e3d-ba3f-c90cabdc19d6,2020-01-04 07:37:00,2020-01-04 07:37:00
74ce990c-1049-4168-ae9f-060798a5780d,f22aa3a1-1a6e-4e3d-ba3f-c90cabdc19d6,2020-01-04 07:37:00,2020-01-04 07:37:00
7f21246f-67ea-4585-8e59-bd4c16ae3581,f22aa3a1-1a6e-4e3d-ba3f-c90cabdc19d6,2020-01-04 07:37:00,2020-01-04 07:37:00
9c3694ff-7b55-454a-a8dc-d1884410b965,f22aa3a1-1a6e-4e3d-ba3f-c90cabdc19d6,2020-01-04 07:37:00,2020-01-04 07:37:00
cd1f44cd-bf0b-4e7f-9672-a97ba2cebb0d,f22aa3a1-1a6e-4e3d-ba3f-c90cabdc19d6,2020-01-04 07:37:00,2020-01-04 07:37:00
2b5abe7b-c780-4886-8ac8-3c6aa8124d0f,f22aa3a1-1a6e-4e3d-ba3f-c90cabdc19d6,2020-01-04 07:37:00,2020-01-04 07:37:00
758a69c1-b5c6-403c-9043-a9cc09daa392,f22aa3a1-1a6e-4e3d-ba3f-c90cabdc19d6,2020-01-04 07:37:00,2020-01-04 07:37:00
3a20342a-aa19-4452-bfa9-58ce8b784e8d,f22aa3a1-1a6e-4e3d-ba3f-c90cabdc19d6,2020-01-04 07:37:00,2020-01-04 07:37:00
13d672f5-c64a-4931-8db2-be406a620c08,f22aa3a1-1a6e-4e3d-ba3f-c90cabdc19d6,2020-01-04 07:37:00,2020-01-04 07:37:00
7b21aa8a-6f27-48f7-bd33-460b778c292f,f22aa3a1-1a6e-4e3d-ba3f-c90cabdc19d6,2020-01-04 07:37:00,2020-01-04 07:37:00
a0cea85f-70d3-4ef4-ac20-9b0f6654336c,f22aa3a1-1a6e-4e3d-ba3f-c90cabdc19d6,2020-01-04 07:37:00,2020-01-04 07:37:00
0a90eb08-cb3e-4e25-b491-2649a3cabb14,f22aa3a1-1a6e-4e3d-ba3f-c90cabdc19d6,2020-01-04 07:37:00,2020-01-04 07:37:00
8c0ef3df-99dc-49d8-bfcd-ee326242d4f9,f22aa3a1-1a6e-4e3d-ba3f-c90cabdc19d6,2020-01-04 07:37:00,2020-01-04 07:37:00
64d864aa-096d-4e6a-b6fd-4766179e1dff,f22aa3a1-1a6e-4e3d-ba3f-c90cabdc19d6,2020-01-04 07:37:00,2020-01-04 07:37:00
e2ebb407-9257-4076-84a2-2c925cdde77b,f22aa3a1-1a6e-4e3d-ba3f-c90cabdc19d6,2020-01-04 07:37:00,2020-01-04 07:37:00
6290b01e-38b6-43ef-920c-689011ced8d4,f22aa3a1-1a6e-4e3d-ba3f-c90cabdc19d6,2020-01-04 07:37:00,2020-01-04 07:37:00
a85a2a67-3423-445f-9102-7613a9f1b410,f22aa3a1-1a6e-4e3d-ba3f-c90cabdc19d6,2020-01-04 07:37:00,2020-01-04 07:37:00
d0b20e04-e22e-4a4e-a92f-ea8f6bde4b13,f22aa3a1-1a6e-4e3d-ba3f-c90cabdc19d6,2020-01-04 07:37:00,2020-01-04 07:37:00
2688d225-2478-4f94-af5f-6e0c89dc3438,f22aa3a1-1a6e-4e3d-ba3f-c90cabdc19d6,2020-01-04 07:37:00,2020-01-04 07:37:00
3404cffb-d673-443b-8a4b-497cb25648e9,f22aa3a1-1a6e-4e3d-ba3f-c90cabdc19d6,2020-01-04 07:37:00,2020-01-04 07:37:00
f456b3fb-3c83-4569-a3f7-25329524de21,f22aa3a1-1a6e-4e3d-ba3f-c90cabdc19d6,2020-01-04 07:37:00,2020-01-04 07:37:00
9227eae2-bb89-432a-997e-99c660eb4f1f,f22aa3a1-1a6e-4e3d-ba3f-c90cabdc19d6,2020-01-04 07:37:00,2020-01-04 07:37:00
1ad90eab-15b2-4cc3-9a53-445909991b15,f22aa3a1-1a6e-4e3d-ba3f-c90cabdc19d6,2020-01-04 07:37:00,2020-01-04 07:37:00
d0c5aa84-a208-48cc-9fb3-60d6bd2dadd1,f22aa3a1-1a6e-4e3d-ba3f-c90cabdc19d6,2020-01-04 07:37:00,2020-01-04 07:37:00
43c07d2f-ffea-4fa5-adf7-babbb7c02e05,f22aa3a1-1a6e-4e3d-ba3f-c90cabdc19d6,2020-01-04 07:37:00,2020-01-04 07:37:00
bf524813-e1c9-49a8-bb4e-ddd9bf61b2b0,f22aa3a1-1a6e-4e3d-ba3f-c90cabdc19d6,2020-01-04 07:37:00,2020-01-04 07:37:00
f8c039a9-b6cd-4238-be3d-aa65ed4e3e50,f22aa3a1-1a6e-4e3d-ba3f-c90cabdc19d6,2020-01-04 07:37:00,2020-01-04 07:37:00
a01e5537-6fa3-4f83-b9ff-f18171ad8b21,f22aa3a1-1a6e-4e3d-ba3f-c90cabdc19d6,2020-01-04 07:37:00,2020-01-04 07:37:00
ae831acc-6878-4b4d-98cd-3e523ec85114,f22aa3a1-1a6e-4e3d-ba3f-c90cabdc19d6,2020-01-04 07:37:00,2020-01-04 07:37:00
9262f179-523d-4318-a792-4041091338fd,f22aa3a1-1a6e-4e3d-ba3f-c90cabdc19d6,2020-01-04 07:37:00,2020-01-04 07:37:00
c9298742-b1b5-44d5-b36a-2de12a73d06e,f22aa3a1-1a6e-4e3d-ba3f-c90cabdc19d6,2020-01-04 07:37:00,2020-01-04 07:37:00
919dc038-2e04-4b20-97b7-d09a601b9bcd,f22aa3a1-1a6e-4e3d-ba3f-c90cabdc19d6,2020-01-04 07:37:00,2020-01-04 07:37:00
e4b930cf-5988-4bf2-bd7a-48db080159bd,f22aa3a1-1a6e-4e3d-ba3f-c90cabdc19d6,2020-01-04 07:37:00,2020-01-04 07:37:00
25e09ce3-6196-4fb9-a7db-5f2d68b8909c,f22aa3a1-1a6e-4e3d-ba3f-c90cabdc19d6,2020-01-04 07:37:00,2020-01-04 07:37:00
2eec369b-0d9a-40e6-8239-7402879e99b8,f22aa3a1-1a6e-4e3d-ba3f-c90cabdc19d6,2020-01-04 07:37:00,2020-01-04 07:37:00
61ded666-a546-4bb5-b248-b88c7ab4b73b,f22aa3a1-1a6e-4e3d-ba3f-c90cabdc19d6,2020-01-04 07:37:00,2020-01-04 07:37:00
a113a11c-a1a9-4d3f-95c6-4a32f0303663,f22aa3a1-1a6e-4e3d-ba3f-c90cabdc19d6,2020-01-04 07:37:00,2020-01-04 07:37:00
af507853-fa0f-4c12-bcf1-25f0b6931e25,f22aa3a1-1a6e-4e3d-ba3f-c90cabdc19d6,2020-01-04 07:37:00,2020-01-04 07:37:00
f4c41814-500e-4fea-abc7-d4b61614cf60,f22aa3a1-1a6e-4e3d-ba3f-c90cabdc19d6,2020-01-04 07:37:00,2020-01-04 07:37:00
1ad06043-e2a7-4beb-b476-52800f5d52a8,f22aa3a1-1a6e-4e3d-ba3f-c90cabdc19d6,2020-01-04 07:37:00,2020-01-04 07:37:00
1946a7dc-25fc-4bd5-b416-a6e161cba6d6,f22aa3a1-1a6e-4e3d-ba3f-c90cabdc19d6,2020-01-04 07:37:00,2020-01-04 07:37:00
235429ae-61fb-4d25-a1a2-b102b5bbeb53,f22aa3a1-1a6e-4e3d-ba3f-c90cabdc19d6,2020-01-04 07:37:00,2020-01-04 07:37:00
df3a11a6-aea9-45bd-bef7-3dcd8cf079e2,f22aa3a1-1a6e-4e3d-ba3f-c90cabdc19d6,2020-01-04 07:37:00,2020-01-04 07:37:00
3596ab5e-a63c-4cc5-8417-998dbb3a70b4,f22aa3a1-1a6e-4e3d-ba3f-c90cabdc19d6,2020-01-04 07:37:00,2020-01-04 07:37:00
6d46ac1b-0f70-4108-9004-16d0e8d64395,f22aa3a1-1a6e-4e3d-ba3f-c90cabdc19d6,2020-01-04 07:37:00,2020-01-04 07:37:00
1c90b23a-e366-4732-9421-6052ed6b5674,f22aa3a1-1a6e-4e3d-ba3f-c90cabdc19d6,2020-01-04 07:37:00,2020-01-04 07:37:00
ff6ba1bf-bb6d-4eff-a32b-df3a8aa6e8ab,f22aa3a1-1a6e-4e3d-ba3f-c90cabdc19d6,2020-01-04 07:37:00,2020-01-04 07:37:00
18afccb0-21b0-4df5-a435-e573adf565bc,f22aa3a1-1a6e-4e3d-ba3f-c90cabdc19d6,2020-01-04 07:37:00,2020-01-04 07:37:00
51134740-6b00-4217-8f0f-bdf527f89c15,f22aa3a1-1a6e-4e3d-ba3f-c90cabdc19d6,2020-01-04 07:37:00,2020-01-04 07:37:00
483e744e-f668-4d33-b5f1-68dc5dc81d3e,f22aa3a1-1a6e-4e3d-ba3f-c90cabdc19d6,2020-01-04 07:37:00,2020-01-04 07:37:00
81f350b7-6021-410f-833d-24ff6e6a08ed,f22aa3a1-1a6e-4e3d-ba3f-c90cabdc19d6,2020-01-04 07:37:00,2020-01-04 07:37:00
c35eff16-09bb-4c26-b69f-88a0f7253749,f22aa3a1-1a6e-4e3d-ba3f-c90cabdc19d6,2020-01-04 07:37:00,2020-01-04 07:37:00
23287167-9f10-478a-b9f0-28017b4b6570,f22aa3a1-1a6e-4e3d-ba3f-c90cabdc19d6,2020-01-04 07:37:00,2020-01-04 07:37:00
c1385d6f-8837-42c8-93fc-d9909d9cdb78,f22aa3a1-1a6e-4e3d-ba3f-c90cabdc19d6,2020-01-04 07:37:00,2020-01-04 07:37:00
9cc557ea-6b2c-4f3e-9b0e-0de964a6704a,f22aa3a1-1a6e-4e3d-ba3f-c90cabdc19d6,2020-01-04 07:37:00,2020-01-04 07:37:00
ee492ffe-ae3b-4b6b-b681-f3f4b14ef11f,f22aa3a1-1a6e-4e3d-ba3f-c90cabdc19d6,2020-01-04 07:37:00,2020-01-04 07:37:00
047666e1-5143-4dde-8dbf-c4cc1b87c36a,f22aa3a1-1a6e-4e3d-ba3f-c90cabdc19d6,2020-01-04 07:37:00,2020-01-04 07:37:00
e6a89d03-6b63-471b-a80e-b5e65a49f6f9,f22aa3a1-1a6e-4e3d-ba3f-c90cabdc19d6,2020-01-04 07:37:00,2020-01-04 07:37:00
303882de-cfea-4cb3-bb48-f660157d5ed7,f22aa3a1-1a6e-4e3d-ba3f-c90cabdc19d6,2020-01-04 07:37:00,2020-01-04 07:37:00
338e310e-af4b-4c1f-94d0-f60cf0af4db5,f22aa3a1-1a6e-4e3d-ba3f-c90cabdc19d6,2020-01-04 07:37:00,2020-01-04 07:37:00
62d85c6e-b9fa-4718-8680-d89ceb61b758,f22aa3a1-1a6e-4e3d-ba3f-c90cabdc19d6,2020-01-04 07:37:00,2020-01-04 07:37:00
29df657d-e28f-4214-a30c-06152123553b,f22aa3a1-1a6e-4e3d-ba3f-c90cabdc19d6,2020-01-04 07:37:00,2020-01-04 07:37:00
ddbe93d8-fcfe-4c46-b242-cc927235071c,f22aa3a1-1a6e-4e3d-ba3f-c90cabdc19d6,2020-01-04 07:37:00,2020-01-04 07:37:00
023ada02-3460-4d0a-af1a-4a6f19358dc2,f22aa3a1-1a6e-4e3d-ba3f-c90cabdc19d6,2020-01-04 07:37:00,2020-01-04 07:37:00
320deb28-3496-40b2-a298-431ad59674cc,f22aa3a1-1a6e-4e3d-ba3f-c90cabdc19d6,2020-01-04 07:37:00,2020-01-04 07:37:00
07787070-3caf-4603-b034-d38f2183fcce,f22aa3a1-1a6e-4e3d-ba3f-c90cabdc19d6,2020-01-04 07:37:00,2020-01-04 07:37:00
19c54cfd-fc67-4c7f-aa78-a899ee5c6736,f22aa3a1-1a6e-4e3d-ba3f-c90cabdc19d6,2020-01-04 07:37:00,2020-01-04 07:37:00
ca21bef4-a172-441b-b5f5-fa423e94a44f,f22aa3a1-1a6e-4e3d-ba3f-c90cabdc19d6,2020-01-04 07:37:00,2020-01-04 07:37:00
c874a401-b094-4c53-9b83-f74741dbfbbd,f22aa3a1-1a6e-4e3d-ba3f-c90cabdc19d6,2020-01-04 07:37:00,2020-01-04 07:37:00
4766d044-a021-4e37-9860-bda616a28b7a,f22aa3a1-1a6e-4e3d-ba3f-c90cabdc19d6,2020-01-04 07:37:00,2020-01-04 07:37:00
0e3aba1b-02fa-4cc7-8002-79dd12a54360,f22aa3a1-1a6e-4e3d-ba3f-c90cabdc19d6,2020-01-04 07:37:00,2020-01-04 07:37:00
3e16154f-4acd-43b5-83ee-06e452d0f50c,f22aa3a1-1a6e-4e3d-ba3f-c90cabdc19d6,2020-01-04 07:37:00,2020-01-04 07:37:00
db1a19b9-4ad0-43ca-bfdb-c31ae34078ba,f22aa3a1-1a6e-4e3d-ba3f-c90cabdc19d6,2020-01-04 07:37:00,2020-01-04 07:37:00
f88db33a-75ba-4ccd-86a8-e3de31529bbd,f22aa3a1-1a6e-4e3d-ba3f-c90cabdc19d6,2020-01-04 07:37:00,2020-01-04 07:37:00
f67b88a0-ebc3-451f-9b9f-8db12549d7b4,f22aa3a1-1a6e-4e3d-ba3f-c90cabdc19d6,2020-01-04 07:37:00,2020-01-04 07:37:00
07ed53db-654b-490a-a899-04ee356353cf,f22aa3a1-1a6e-4e3d-ba3f-c90cabdc19d6,2020-01-04 07:37:00,2020-01-04 07:37:00
381e0e53-38d0-47ae-8fab-a31dc5fb4f12,f22aa3a1-1a6e-4e3d-ba3f-c90cabdc19d6,2020-01-04 07:37:00,2020-01-04 07:37:00
578cc094-ad0b-4d0d-99ca-388ff8cf8863,f22aa3a1-1a6e-4e3d-ba3f-c90cabdc19d6,2020-01-04 07:37:00,2020-01-04 07:37:00
4f886f0b-1e3a-4f44-92d1-25669f3cd9ab,f22aa3a1-1a6e-4e3d-ba3f-c90cabdc19d6,2020-01-04 07:37:00,2020-01-04 07:37:00
d0ee93a0-d0f8-44da-9694-69215eb7d57e,f22aa3a1-1a6e-4e3d-ba3f-c90cabdc19d6,2020-01-04 07:37:00,2020-01-04 07:37:00
97fff7b6-0da4-476d-b7c9-2d6a25ac248d,f22aa3a1-1a6e-4e3d-ba3f-c90cabdc19d6,2020-01-04 07:37:00,2020-01-04 07:37:00
8e5fe3fb-4dd1-4654-a64b-b99c69a5ea13,f22aa3a1-1a6e-4e3d-ba3f-c90cabdc19d6,2020-01-04 07:37:00,2020-01-04 07:37:00
1db395d7-1b3e-4674-9033-d6736e3575b3,f22aa3a1-1a6e-4e3d-ba3f-c90cabdc19d6,2020-01-04 07:37:00,2020-01-04 07:37:00
5dac5f69-2d3b-45d0-8817-6d291c110d99,f22aa3a1-1a6e-4e3d-ba3f-c90cabdc19d6,2020-01-04 07:37:00,2020-01-04 07:37:00
0a1ede93-5cb0-4fee-bdfd-5280474bd6ab,f22aa3a1-1a6e-4e3d-ba3f-c90cabdc19d6,2020-01-04 07:37:00,2020-01-04 07:37:00
49aed7de-ce0a-485b-91a1-87f5bf5c78cd,f22aa3a1-1a6e-4e3d-ba3f-c90cabdc19d6,2020-01-04 07:37:00,2020-01-04 07:37:00
246d77b2-b8a4-4cf2-b168-eb33921547f3,f22aa3a1-1a6e-4e3d-ba3f-c90cabdc19d6,2020-01-04 07:37:00,2020-01-04 07:37:00
ce8ca13e-c829-4b19-8af4-6e552e874284,f22aa3a1-1a6e-4e3d-ba3f-c90cabdc19d6,2020-01-04 07:37:00,2020-01-04 07:37:00
cc723ce4-bdbf-4c9e-8d64-222632ff570c,f22aa3a1-1a6e-4e3d-ba3f-c90cabdc19d6,2020-01-04 07:37:00,2020-01-04 07:37:00
b45588b5-9fc6-414b-8dd8-6df26afe401c,f22aa3a1-1a6e-4e3d-ba3f-c90cabdc19d6,2020-01-04 07:37:00,2020-01-04 07:37:00
d9ef3b1b-9f5b-44f9-82cc-38b65300b0f1,f22aa3a1-1a6e-4e3d-ba3f-c90cabdc19d6,2020-01-04 07:37:00,2020-01-04 07:37:00
75d07ed6-2b4f-40a0-9933-8e1e3333fd0b,f22aa3a1-1a6e-4e3d-ba3f-c90cabdc19d6,2020-01-04 07:37:00,2020-01-04 07:37:00
63d675a3-0251-4fd8-84a9-e192e124ba05,f22aa3a1-1a6e-4e3d-ba3f-c90cabdc19d6,2020-01-04 07:37:00,2020-01-04 07:37:00
f77194e4-eb17-45e8-a835-d83322a5f657,f22aa3a1-1a6e-4e3d-ba3f-c90cabdc19d6,2020-01-04 07:37:00,2020-01-04 07:37:00
32d2cf04-dff6-4eb2-affc-3c734e2ecce7,f22aa3a1-1a6e-4e3d-ba3f-c90cabdc19d6,2020-01-04 07:37:00,2020-01-04 07:37:00
494ce8a8-cf86-4f72-ac9d-726d0a22e39b,f22aa3a1-1a6e-4e3d-ba3f-c90cabdc19d6,2020-01-04 07:37:00,2020-01-04 07:37:00
954f55ad-6f97-4149-a948-80f9ef7a30a5,f22aa3a1-1a6e-4e3d-ba3f-c90cabdc19d6,2020-01-04 07:37:00,2020-01-04 07:37:00
20cd0d4e-1d02-45ec-a520-958500af3a96,f22aa3a1-1a6e-4e3d-ba3f-c90cabdc19d6,2020-01-04 07:37:00,2020-01-04 07:37:00
c30e13fc-444b-4613-93ec-a497e0933ec7,f22aa3a1-1a6e-4e3d-ba3f-c90cabdc19d6,2020-01-04 07:37:00,2020-01-04 07:37:00
ccb3b1aa-77ea-4b50-851a-9e4211439e09,f22aa3a1-1a6e-4e3d-ba3f-c90cabdc19d6,2020-01-04 07:37:00,2020-01-04 07:37:00
e7649e8a-4eca-4d38-bd18-71a5aea78979,f22aa3a1-1a6e-4e3d-ba3f-c90cabdc19d6,2020-01-04 07:37:00,2020-01-04 07:37:00
e74d7284-2e23-44c6-b7a3-340417941eb7,f22aa3a1-1a6e-4e3d-ba3f-c90cabdc19d6,2020-01-04 07:37:00,2020-01-04 07:37:00
6f4a8660-c276-484e-8628-79ccd4c153bf,f22aa3a1-1a6e-4e3d-ba3f-c90cabdc19d6,2020-01-04 07:37:00,2020-01-04 07:37:00
d2f0b9f8-cecb-4f2e-ade7-8386c0b10ce0,f22aa3a1-1a6e-4e3d-ba3f-c90cabdc19d6,2020-01-04 07:37:00,2020-01-04 07:37:00
93a508df-b54c-40a0-8375-78677711d7b2,f22aa3a1-1a6e-4e3d-ba3f-c90cabdc19d6,2020-01-04 07:37:00,2020-01-04 07:37:00
207a6a1e-7ccf-438a-9883-894ce38f8368,f22aa3a1-1a6e-4e3d-ba3f-c90cabdc19d6,2020-01-04 07:37:00,2020-01-04 07:37:00
25eb35b8-151a-40fe-8e28-dedbdd8379a4,f22aa3a1-1a6e-4e3d-ba3f-c90cabdc19d6,2020-01-04 07:37:00,2020-01-04 07:37:00
6e0789fe-73f4-4783-b823-2eb7838711ac,f22aa3a1-1a6e-4e3d-ba3f-c90cabdc19d6,2020-01-04 07:37:00,2020-01-04 07:37:00
008d7aa1-55c5-434e-89a5-12200ae59998,f22aa3a1-1a6e-4e3d-ba3f-c90cabdc19d6,2020-01-04 07:37:00,2020-01-04 07:37:00
b641ddd3-0564-4734-9c4c-1767417adab0,f22aa3a1-1a6e-4e3d-ba3f-c90cabdc19d6,2020-01-04 07:37:00,2020-01-04 07:37:00
67329099-79b4-4225-8e30-9f2dc3b0e40d,f22aa3a1-1a6e-4e3d-ba3f-c90cabdc19d6,2020-01-04 07:37:00,2020-01-04 07:37:00
004ba239-fa75-458a-bb31-d77f6b922f7f,f22aa3a1-1a6e-4e3d-ba3f-c90cabdc19d6,2020-01-04 07:37:00,2020-01-04 07:37:00
d8bfc6fe-6b0c-41f4-a754-2c91dc29de08,f22aa3a1-1a6e-4e3d-ba3f-c90cabdc19d6,2020-01-04 07:37:00,2020-01-04 07:37:00
409f17a8-23ef-4afa-9e89-2783ba05cf71,f22aa3a1-1a6e-4e3d-ba3f-c90cabdc19d6,2020-01-04 07:37:00,2020-01-04 07:37:00
40475f3b-6775-4f90-9237-76797e720556,f22aa3a1-1a6e-4e3d-ba3f-c90cabdc19d6,2020-01-04 07:37:00,2020-01-04 07:37:00
67f8c01a-c3bb-4da6-9bdd-219be9e463e8,f22aa3a1-1a6e-4e3d-ba3f-c90cabdc19d6,2020-01-04 07:37:00,2020-01-04 07:37:00
1455573f-e78d-4798-990f-50e53b3c8b3e,f22aa3a1-1a6e-4e3d-ba3f-c90cabdc19d6,2020-01-04 07:37:00,2020-01-04 07:37:00
9db93b57-13c0-4b23-af96-f44367442711,f22aa3a1-1a6e-4e3d-ba3f-c90cabdc19d6,2020-01-04 07:37:00,2020-01-04 07:37:00
a319d94c-a27a-460d-add3-5cce8914098f,f22aa3a1-1a6e-4e3d-ba3f-c90cabdc19d6,2020-01-04 07:37:00,2020-01-04 07:37:00
8be9bd11-2f5c-48fa-bee4-0825a7f4d6ae,f22aa3a1-1a6e-4e3d-ba3f-c90cabdc19d6,2020-01-04 07:37:00,2020-01-04 07:37:00
f802b278-ef15-4a0a-93ff-407b75175a8a,f22aa3a1-1a6e-4e3d-ba3f-c90cabdc19d6,2020-01-04 07:37:00,2020-01-04 07:37:00
bb98bb07-090d-44bd-a0db-9e6631ded229,f22aa3a1-1a6e-4e3d-ba3f-c90cabdc19d6,2020-01-04 07:37:00,2020-01-04 07:37:00
3719366b-648e-4a6c-bf91-bad1c5ac6882,f22aa3a1-1a6e-4e3d-ba3f-c90cabdc19d6,2020-01-04 07:37:00,2020-01-04 07:37:00
c4c0c65f-7453-49cc-b037-c978089406bc,f22aa3a1-1a6e-4e3d-ba3f-c90cabdc19d6,2020-01-04 07:37:00,2020-01-04 07:37:00
a307d754-d69a-4ff7-8bdc-b0aba0a99498,f22aa3a1-1a6e-4e3d-ba3f-c90cabdc19d6,2020-01-04 07:37:00,2020-01-04 07:37:00
967962f0-e9cd-4a5d-8059-bcb7ccaa5018,f22aa3a1-1a6e-4e3d-ba3f-c90cabdc19d6,2020-01-04 07:37:00,2020-01-04 07:37:00
8b03b297-69b0-438d-8f8a-a9aa5658ab49,f22aa3a1-1a6e-4e3d-ba3f-c90cabdc19d6,2020-01-04 07:37:00,2020-01-04 07:37:00
7188f05d-bdd8-43c9-a33b-67349cbf52e4,f22aa3a1-1a6e-4e3d-ba3f-c90cabdc19d6,2020-01-04 07:37:00,2020-01-04 07:37:00
a759d524-8197-406a-9892-5c72fa74ff07,f22aa3a1-1a6e-4e3d-ba3f-c90cabdc19d6,2020-01-04 07:37:00,2020-01-04 07:37:00
9d88aa9e-4cde-4946-9a6e-190747e98021,f22aa3a1-1a6e-4e3d-ba3f-c90cabdc19d6,2020-01-04 07:37:00,2020-01-04 07:37:00
f645b71c-3633-4ef8-b30e-c114292f25c9,f22aa3a1-1a6e-4e3d-ba3f-c90cabdc19d6,2020-01-04 07:37:00,2020-01-04 07:37:00
4fe38bac-5b10-4265-b431-509a1b30e72a,f22aa3a1-1a6e-4e3d-ba3f-c90cabdc19d6,2020-01-04 07:37:00,2020-01-04 07:37:00
6db635f5-2880-4992-901e-db3411315fc0,f22aa3a1-1a6e-4e3d-ba3f-c90cabdc19d6,2020-01-04 07:37:00,2020-01-04 07:37:00
50895b95-d9d8-4201-973f-0883c2d574f5,f22aa3a1-1a6e-4e3d-ba3f-c90cabdc19d6,2020-01-04 07:37:00,2020-01-04 07:37:00
d858e4cc-bf00-4b9d-b72b-86005991a3b0,f22aa3a1-1a6e-4e3d-ba3f-c90cabdc19d6,2020-01-04 07:37:00,2020-01-04 07:37:00
487e12e9-61a1-48cb-9035-f1ec6aee3c32,f22aa3a1-1a6e-4e3d-ba3f-c90cabdc19d6,2020-01-04 07:37:00,2020-01-04 07:37:00
9e5ddc46-f0cf-4c52-90af-31b1882cd3e8,f22aa3a1-1a6e-4e3d-ba3f-c90cabdc19d6,2020-01-04 07:37:00,2020-01-04 07:37:00
a38c0353-613b-44c9-921d-ad2161959a3e,f22aa3a1-1a6e-4e3d-ba3f-c90cabdc19d6,2020-01-04 07:37:00,2020-01-04 07:37:00
07571efe-f6c5-44fc-a066-e3839008c119,f22aa3a1-1a6e-4e3d-ba3f-c90cabdc19d6,2020-01-04 07:37:00,2020-01-04 07:37:00
442907cf-6e30-4d05-8edb-3d50fa69a007,f22aa3a1-1a6e-4e3d-ba3f-c90cabdc19d6,2020-01-04 07:37:00,2020-01-04 07:37:00
374ae209-6568-48db-a310-fc3664174148,f22aa3a1-1a6e-4e3d-ba3f-c90cabdc19d6,2020-01-04 07:37:00,2020-01-04 07:37:00
8b95cf2a-1682-443c-8e5d-3e89537d685f,f22aa3a1-1a6e-4e3d-ba3f-c90cabdc19d6,2020-01-04 07:37:00,2020-01-04 07:37:00
1f567738-4ebe-435c-8779-1e0c8b07a2fe,f22aa3a1-1a6e-4e3d-ba3f-c90cabdc19d6,2020-01-04 07:37:00,2020-01-04 07:37:00
d6b548f1-3f79-4897-8ce0-1c6a389f455f,f22aa3a1-1a6e-4e3d-ba3f-c90cabdc19d6,2020-01-04 07:37:00,2020-01-04 07:37:00
6064f163-42c1-41bb-a7ac-2f911b88a046,f22aa3a1-1a6e-4e3d-ba3f-c90cabdc19d6,2020-01-04 07:37:00,2020-01-04 07:37:00
61cd2287-ff4b-4876-abd0-b44b6af5e60a,f22aa3a1-1a6e-4e3d-ba3f-c90cabdc19d6,2020-01-04 07:37:00,2020-01-04 07:37:00
197c1227-f846-48f3-8709-2aef51af884b,f22aa3a1-1a6e-4e3d-ba3f-c90cabdc19d6,2020-01-04 07:37:00,2020-01-04 07:37:00
4168e84f-6c6e-4864-a8ec-f0c6ebe05e5f,f22aa3a1-1a6e-4e3d-ba3f-c90cabdc19d6,2020-01-04 07:37:00,2020-01-04 07:37:00
d0e7b89a-a761-4f5f-9d7f-5b470ea66d33,f22aa3a1-1a6e-4e3d-ba3f-c90cabdc19d6,2020-01-04 07:37:00,2020-01-04 07:37:00
9e365e0e-0748-40f2-b273-feb39b32142f,f22aa3a1-1a6e-4e3d-ba3f-c90cabdc19d6,2020-01-04 07:37:00,2020-01-04 07:37:00
b35e866b-6321-42e0-a4ea-73e9bfc6dd13,f22aa3a1-1a6e-4e3d-ba3f-c90cabdc19d6,2020-01-04 07:37:00,2020-01-04 07:37:00
04ae0f40-f562-4287-b58a-63bdfcfe7daf,f22aa3a1-1a6e-4e3d-ba3f-c90cabdc19d6,2020-01-04 07:37:00,2020-01-04 07:37:00
a5db1c71-e51b-4f89-92d5-3f6530df56b8,f22aa3a1-1a6e-4e3d-ba3f-c90cabdc19d6,2020-01-04 07:37:00,2020-01-04 07:37:00
550a8fd0-ab81-4c04-88ef-e38f40caff7b,f22aa3a1-1a6e-4e3d-ba3f-c90cabdc19d6,2020-01-04 07:37:00,2020-01-04 07:37:00
c44a6e37-0197-42bd-85ab-318243c1aed7,f22aa3a1-1a6e-4e3d-ba3f-c90cabdc19d6,2020-01-04 07:37:00,2020-01-04 07:37:00
ff06e24c-0b49-42c3-903d-d174096fc34e,f22aa3a1-1a6e-4e3d-ba3f-c90cabdc19d6,2020-01-04 07:37:00,2020-01-04 07:37:00
ddc8ccc6-326b-47ed-bbfd-c911de04e142,f22aa3a1-1a6e-4e3d-ba3f-c90cabdc19d6,2020-01-04 07:37:00,2020-01-04 07:37:00
70a40304-17c5-401e-83b3-bc285a4782f2,f22aa3a1-1a6e-4e3d-ba3f-c90cabdc19d6,2020-01-04 07:37:00,2020-01-04 07:37:00
ec913fb3-d1e5-4616-91fa-b5de63652a94,f22aa3a1-1a6e-4e3d-ba3f-c90cabdc19d6,2020-01-04 07:37:00,2020-01-04 07:37:00
5519a6d5-1728-4355-80bc-ad4e1c4416a6,f22aa3a1-1a6e-4e3d-ba3f-c90cabdc19d6,2020-01-04 07:37:00,2020-01-04 07:37:00
4c36b009-d5ff-4224-b5bf-018786fcac42,f22aa3a1-1a6e-4e3d-ba3f-c90cabdc19d6,2020-01-04 07:37:00,2020-01-04 07:37:00
e141497b-4040-4fc1-9152-f104e154d694,f22aa3a1-1a6e-4e3d-ba3f-c90cabdc19d6,2020-01-04 07:37:00,2020-01-04 07:37:00
97a5f18f-b643-49be-ba58-ba4219845219,f22aa3a1-1a6e-4e3d-ba3f-c90cabdc19d6,2020-01-04 07:37:00,2020-01-04 07:37:00
e6a37101-6876-4ead-ad51-ce19d5c2214a,f22aa3a1-1a6e-4e3d-ba3f-c90cabdc19d6,2020-01-04 07:37:00,2020-01-04 07:37:00
6306e35a-39b1-4639-a3ee-647bf10e1897,f22aa3a1-1a6e-4e3d-ba3f-c90cabdc19d6,2020-01-04 07:37:00,2020-01-04 07:37:00
ec0c77fd-f11a-4989-bcdd-1d61b565618e,f22aa3a1-1a6e-4e3d-ba3f-c90cabdc19d6,2020-01-04 07:37:00,2020-01-04 07:37:00
704d1ae4-67cd-4a40-8330-f191d5d61fee,f22aa3a1-1a6e-4e3d-ba3f-c90cabdc19d6,2020-01-04 07:37:00,2020-01-04 07:37:00
b37692df-f740-472b-847d-54c70a535c7f,f22aa3a1-1a6e-4e3d-ba3f-c90cabdc19d6,2020-01-04 07:37:00,2020-01-04 07:37:00
32850dc1-4a54-44f8-9621-311d5f0ace33,f22aa3a1-1a6e-4e3d-ba3f-c90cabdc19d6,2020-01-04 07:37:00,2020-01-04 07:37:00
c3da37fb-6358-4cac-8818-c2dff642485a,f22aa3a1-1a6e-4e3d-ba3f-c90cabdc19d6,2020-01-04 07:37:00,2020-01-04 07:37:00
47d5043a-3904-44a8-844a-6eb0b215ec0e,f22aa3a1-1a6e-4e3d-ba3f-c90cabdc19d6,2020-01-04 07:37:00,2020-01-04 07:37:00
2d737837-d031-4ad7-81d9-d0e9afbb5336,f22aa3a1-1a6e-4e3d-ba3f-c90cabdc19d6,2020-01-04 07:37:00,2020-01-04 07:37:00
1033f787-61c6-4651-ada0-c081f4bba934,f22aa3a1-1a6e-4e3d-ba3f-c90cabdc19d6,2020-01-04 07:37:00,2020-01-04 07:37:00
d30e94ea-cc81-46c2-88c1-dbe16296171c,f22aa3a1-1a6e-4e3d-ba3f-c90cabdc19d6,2020-01-04 07:37:00,2020-01-04 07:37:00
9395ee3b-1bb9-4e2b-bd06-b0d45fb2b88e,f22aa3a1-1a6e-4e3d-ba3f-c90cabdc19d6,2020-01-04 07:37:00,2020-01-04 07:37:00
9cf47d24-2309-446d-a7aa-9831b8805b99,f22aa3a1-1a6e-4e3d-ba3f-c90cabdc19d6,2020-01-04 07:37:00,2020-01-04 07:37:00
526d59c9-0e42-4c77-b18a-e6fbc5e7b6ad,f22aa3a1-1a6e-4e3d-ba3f-c90cabdc19d6,2020-01-04 07:37:00,2020-01-04 07:37:00
735a9460-d352-4ec0-8ec0-14c95a479add,f22aa3a1-1a6e-4e3d-ba3f-c90cabdc19d6,2020-01-04 07:37:00,2020-01-04 07:37:00
8bba995c-0b56-4aa2-b83d-90634f7acf43,f22aa3a1-1a6e-4e3d-ba3f-c90cabdc19d6,2020-01-04 07:37:00,2020-01-04 07:37:00
10e6aa9d-c70e-4292-8558-bacb3b0faf9f,f22aa3a1-1a6e-4e3d-ba3f-c90cabdc19d6,2020-01-04 07:37:00,2020-01-04 07:37:00
1fc6fdee-200b-47a4-8ac8-0f01d729aa9b,f22aa3a1-1a6e-4e3d-ba3f-c90cabdc19d6,2020-01-04 07:37:00,2020-01-04 07:37:00
02f196cd-57f6-47b1-8149-2a3dee2cf2e7,f22aa3a1-1a6e-4e3d-ba3f-c90cabdc19d6,2020-01-04 07:37:00,2020-01-04 07:37:00
04915d5b-4323-464e-9e7b-9e1f86fbbbd7,f22aa3a1-1a6e-4e3d-ba3f-c90cabdc19d6,2020-01-04 07:37:00,2020-01-04 07:37:00
4fd02faf-3093-4b22-9649-8faa46ddbe75,f22aa3a1-1a6e-4e3d-ba3f-c90cabdc19d6,2020-01-04 07:37:00,2020-01-04 07:37:00
fae7d086-018b-4e20-9f60-00ebbc4535ef,f22aa3a1-1a6e-4e3d-ba3f-c90cabdc19d6,2020-01-04 07:37:00,2020-01-04 07:37:00
154c07f8-f3cb-4b6e-bddf-a49124ceb7f0,f22aa3a1-1a6e-4e3d-ba3f-c90cabdc19d6,2020-01-04 07:37:00,2020-01-04 07:37:00
15ef2142-035b-4124-b4cd-6d5b9eb4deed,f22aa3a1-1a6e-4e3d-ba3f-c90cabdc19d6,2020-01-04 07:37:00,2020-01-04 07:37:00
6804f35f-134c-40fd-b906-0cf32cae8cc4,f22aa3a1-1a6e-4e3d-ba3f-c90cabdc19d6,2020-01-04 07:37:00,2020-01-04 07:37:00
4ef6c7b7-20a8-41b4-9d0a-91a8e25bfed5,f22aa3a1-1a6e-4e3d-ba3f-c90cabdc19d6,2020-01-04 07:37:00,2020-01-04 07:37:00
3a7e5ded-7618-4881-9c52-fd0826cc273d,f22aa3a1-1a6e-4e3d-ba3f-c90cabdc19d6,2020-01-04 07:37:00,2020-01-04 07:37:00
b0b7053d-03a0-48b2-9306-c63ea2a81312,f22aa3a1-1a6e-4e3d-ba3f-c90cabdc19d6,2020-01-04 07:37:00,2020-01-04 07:37:00
2a0a6d33-d0b7-41b8-b9cf-ea569846176d,f22aa3a1-1a6e-4e3d-ba3f-c90cabdc19d6,2020-01-04 07:37:00,2020-01-04 07:37:00
23a3735f-6e2c-4c1e-9a1e-fa4ca9903c01,f22aa3a1-1a6e-4e3d-ba3f-c90cabdc19d6,2020-01-04 07:37:00,2020-01-04 07:37:00
48442481-fced-472a-9c1a-82a709bc4f88,f22aa3a1-1a6e-4e3d-ba3f-c90cabdc19d6,2020-01-04 07:37:00,2020-01-04 07:37:00
e14a4b77-458e-4569-9d90-a678c859f263,f22aa3a1-1a6e-4e3d-ba3f-c90cabdc19d6,2020-01-04 07:37:00,2020-01-04 07:37:00
05ce970d-523e-4e9c-961d-27b98a1e9041,f22aa3a1-1a6e-4e3d-ba3f-c90cabdc19d6,2020-01-04 07:37:00,2020-01-04 07:37:00
ea58fc52-0180-4325-bbad-1c0630307f1b,f22aa3a1-1a6e-4e3d-ba3f-c90cabdc19d6,2020-01-04 07:37:00,2020-01-04 07:37:00
bc8245bc-1e83-4f29-9d05-eb80a99d2dfa,f22aa3a1-1a6e-4e3d-ba3f-c90cabdc19d6,2020-01-04 07:37:00,2020-01-04 07:37:00
2da7677c-3546-460e-a86d-899a33d28f19,f22aa3a1-1a6e-4e3d-ba3f-c90cabdc19d6,2020-01-04 07:37:00,2020-01-04 07:37:00
913f0c0e-f3d9-4366-8a3b-9ffec4257a2c,f22aa3a1-1a6e-4e3d-ba3f-c90cabdc19d6,2020-01-04 07:37:00,2020-01-04 07:37:00
5c983e92-4519-4ddb-91a0-296657bf2964,f22aa3a1-1a6e-4e3d-ba3f-c90cabdc19d6,2020-01-04 07:37:00,2020-01-04 07:37:00
02366640-1d2e-4735-a13f-bbe5a9c65dd3,f22aa3a1-1a6e-4e3d-ba3f-c90cabdc19d6,2020-01-04 07:37:00,2020-01-04 07:37:00
738dcf65-6d38-4077-9d61-4d553788d437,f22aa3a1-1a6e-4e3d-ba3f-c90cabdc19d6,2020-01-04 07:37:00,2020-01-04 07:37:00
12ca091e-4948-47a7-809d-26c257d3bf3b,f22aa3a1-1a6e-4e3d-ba3f-c90cabdc19d6,2020-01-04 07:37:00,2020-01-04 07:37:00
74bc1657-d907-4d1a-906e-2c6f7f0905da,f22aa3a1-1a6e-4e3d-ba3f-c90cabdc19d6,2020-01-04 07:37:00,2020-01-04 07:37:00
33a38526-98eb-4ab5-bb48-a661f942be86,f22aa3a1-1a6e-4e3d-ba3f-c90cabdc19d6,2020-01-04 07:37:00,2020-01-04 07:37:00
a7f6f246-f32e-4a09-a1e8-63f17ccd092f,f22aa3a1-1a6e-4e3d-ba3f-c90cabdc19d6,2020-01-04 07:37:00,2020-01-04 07:37:00
c4c47ffe-132d-4e03-9a44-85032bf6b92a,f22aa3a1-1a6e-4e3d-ba3f-c90cabdc19d6,2020-01-04 07:37:00,2020-01-04 07:37:00
9586895e-278d-486c-99cb-2330db542358,f22aa3a1-1a6e-4e3d-ba3f-c90cabdc19d6,2020-01-04 07:37:00,2020-01-04 07:37:00
7cddba81-7e72-4ebf-ae55-87ba4bebbcef,f22aa3a1-1a6e-4e3d-ba3f-c90cabdc19d6,2020-01-04 07:37:00,2020-01-04 07:37:00
fb07269a-b2be-4cda-a2dd-280095e0ae22,f22aa3a1-1a6e-4e3d-ba3f-c90cabdc19d6,2020-01-04 07:37:00,2020-01-04 07:37:00
87e79e98-9d1d-48fd-8e58-3d8fbd8a46e9,f22aa3a1-1a6e-4e3d-ba3f-c90cabdc19d6,2020-01-04 07:37:00,2020-01-04 07:37:00
a8a9cb0f-c51e-4b8f-a479-ec906f62efa0,f22aa3a1-1a6e-4e3d-ba3f-c90cabdc19d6,2020-01-04 07:37:00,2020-01-04 07:37:00
0a8b73fe-5a93-42f4-975f-3205c1d131f7,f22aa3a1-1a6e-4e3d-ba3f-c90cabdc19d6,2020-01-04 07:37:00,2020-01-04 07:37:00
9d6c62fb-d8a8-42fb-97b2-9ece82df979a,f22aa3a1-1a6e-4e3d-ba3f-c90cabdc19d6,2020-01-04 07:37:00,2020-01-04 07:37:00
ec13337e-2ea5-46d4-9d49-16a104a7cf18,f22aa3a1-1a6e-4e3d-ba3f-c90cabdc19d6,2020-01-04 07:37:00,2020-01-04 07:37:00
811fb225-cfcd-42cf-83a1-d5d080b42e42,f22aa3a1-1a6e-4e3d-ba3f-c90cabdc19d6,2020-01-04 07:37:00,2020-01-04 07:37:00
d07caa6b-3b55-4bc0-b3cc-8579223f2a2b,f22aa3a1-1a6e-4e3d-ba3f-c90cabdc19d6,2020-01-04 07:37:00,2020-01-04 07:37:00
838ea1d7-13e3-45b7-8f70-0e2c2370e854,f22aa3a1-1a6e-4e3d-ba3f-c90cabdc19d6,2020-01-04 07:37:00,2020-01-04 07:37:00
b28530c8-5c25-4878-a398-41c568fa7fc1,f22aa3a1-1a6e-4e3d-ba3f-c90cabdc19d6,2020-01-04 07:37:00,2020-01-04 07:37:00
30114aa5-a462-46bc-8548-8417a16bf859,f22aa3a1-1a6e-4e3d-ba3f-c90cabdc19d6,2020-01-04 07:37:00,2020-01-04 07:37:00
b09630c6-ebb6-4e10-83ec-fc9888f73d97,f22aa3a1-1a6e-4e3d-ba3f-c90cabdc19d6,2020-01-04 07:37:00,2020-01-04 07:37:00
9b76fed9-9f6d-4b7f-81d1-0fcf7aafad28,f22aa3a1-1a6e-4e3d-ba3f-c90cabdc19d6,2020-01-04 07:37:00,2020-01-04 07:37:00
214983f4-46c8-4987-9c69-663b5c303cd9,f22aa3a1-1a6e-4e3d-ba3f-c90cabdc19d6,2020-01-04 07:37:00,2020-01-04 07:37:00
c598648d-c04c-4c6b-8927-a45e7e5a3ace,f22aa3a1-1a6e-4e3d-ba3f-c90cabdc19d6,2020-01-04 07:37:00,2020-01-04 07:37:00
fa5b9154-8ca9-4d03-be22-9a064a560de7,f22aa3a1-1a6e-4e3d-ba3f-c90cabdc19d6,2020-01-04 07:37:00,2020-01-04 07:37:00
68a39121-add3-4b73-94f2-e75993ec0204,f22aa3a1-1a6e-4e3d-ba3f-c90cabdc19d6,2020-01-04 07:37:00,2020-01-04 07:37:00
12d967ba-ac29-4487-add3-17de1b5b3ca1,f22aa3a1-1a6e-4e3d-ba3f-c90cabdc19d6,2020-01-04 07:37:00,2020-01-04 07:37:00
6a7fc1bd-8203-448c-a172-ad087cbca944,f22aa3a1-1a6e-4e3d-ba3f-c90cabdc19d6,2020-01-04 07:37:00,2020-01-04 07:37:00
fde4dd58-98f3-498f-83dd-dd80b7cc4ca1,f22aa3a1-1a6e-4e3d-ba3f-c90cabdc19d6,2020-01-04 07:37:00,2020-01-04 07:37:00
a0a9f7f5-0aa0-4f31-988e-870767d5d248,f22aa3a1-1a6e-4e3d-ba3f-c90cabdc19d6,2020-01-04 07:37:00,2020-01-04 07:37:00
ae62c111-dd68-4c25-9b3d-2201f9f1726a,f22aa3a1-1a6e-4e3d-ba3f-c90cabdc19d6,2020-01-04 07:37:00,2020-01-04 07:37:00
e1ec34c7-4027-4fa1-9e84-b85b1e5e1ea8,f22aa3a1-1a6e-4e3d-ba3f-c90cabdc19d6,2020-01-04 07:37:00,2020-01-04 07:37:00
8eba04c3-3832-416b-bba8-2b4be9fd4010,f22aa3a1-1a6e-4e3d-ba3f-c90cabdc19d6,2020-01-04 07:37:00,2020-01-04 07:37:00
53c5d458-4e8b-4574-8199-3266cfef0400,f22aa3a1-1a6e-4e3d-ba3f-c90cabdc19d6,2020-01-04 07:37:00,2020-01-04 07:37:00
da7874d3-1ae4-4eb7-b13c-111472deef16,f22aa3a1-1a6e-4e3d-ba3f-c90cabdc19d6,2020-01-04 07:37:00,2020-01-04 07:37:00
67d26270-1a37-49f6-a327-3867c8a4ee09,f22aa3a1-1a6e-4e3d-ba3f-c90cabdc19d6,2020-01-04 07:37:00,2020-01-04 07:37:00
2d8dd06c-5087-4c62-9c6a-6dd6ca17ce6b,f22aa3a1-1a6e-4e3d-ba3f-c90cabdc19d6,2020-01-04 07:37:00,2020-01-04 07:37:00
b4d948fb-5f94-473e-8b82-e5a80b65034f,f22aa3a1-1a6e-4e3d-ba3f-c90cabdc19d6,2020-01-04 07:37:00,2020-01-04 07:37:00
8929849a-fd96-426b-be32-3f266164e0f5,f22aa3a1-1a6e-4e3d-ba3f-c90cabdc19d6,2020-01-04 07:37:00,2020-01-04 07:37:00
c39a7e42-7224-4ed6-9135-7d10db141824,f22aa3a1-1a6e-4e3d-ba3f-c90cabdc19d6,2020-01-04 07:37:00,2020-01-04 07:37:00
3b232a16-b234-4477-9a36-860cd72a10b2,f22aa3a1-1a6e-4e3d-ba3f-c90cabdc19d6,2020-01-04 07:37:00,2020-01-04 07:37:00
202ac9ae-13ed-4b25-b5ea-301301cb0365,f22aa3a1-1a6e-4e3d-ba3f-c90cabdc19d6,2020-01-04 07:37:00,2020-01-04 07:37:00
9c7e3b96-5c09-41c3-a543-21b1a889059c,f22aa3a1-1a6e-4e3d-ba3f-c90cabdc19d6,2020-01-04 07:37:00,2020-01-04 07:37:00
0eb95d55-209b-4dcd-8c71-ebd893dff861,f22aa3a1-1a6e-4e3d-ba3f-c90cabdc19d6,2020-01-04 07:37:00,2020-01-04 07:37:00
28a9c2a7-c18f-4d3d-a68d-9ec380e5e02b,f22aa3a1-1a6e-4e3d-ba3f-c90cabdc19d6,2020-01-04 07:37:00,2020-01-04 07:37:00
6f94caa3-509d-4ba9-8d36-ca9445520084,f22aa3a1-1a6e-4e3d-ba3f-c90cabdc19d6,2020-01-04 07:37:00,2020-01-04 07:37:00
4126e3a6-4ef1-463a-8087-82e8749520af,f22aa3a1-1a6e-4e3d-ba3f-c90cabdc19d6,2020-01-04 07:37:00,2020-01-04 07:37:00
5c8026b8-4a44-42f1-a03d-be09ea5ad0ba,f22aa3a1-1a6e-4e3d-ba3f-c90cabdc19d6,2020-01-04 07:37:00,2020-01-04 07:37:00
21fb2a98-78df-400c-8582-6c2651d8a52b,f22aa3a1-1a6e-4e3d-ba3f-c90cabdc19d6,2020-01-04 07:37:00,2020-01-04 07:37:00
2457eb87-72f9-4ccd-a31d-8958c19f1bee,f22aa3a1-1a6e-4e3d-ba3f-c90cabdc19d6,2020-01-04 07:37:00,2020-01-04 07:37:00
0c50652a-e1c3-4411-81f2-2765eac4307a,f22aa3a1-1a6e-4e3d-ba3f-c90cabdc19d6,2020-01-04 07:37:00,2020-01-04 07:37:00
26f34f07-29fc-4104-b39a-121e2b06c8f8,f22aa3a1-1a6e-4e3d-ba3f-c90cabdc19d6,2020-01-04 07:37:00,2020-01-04 07:37:00
bbd7c654-a4e9-470f-86fb-0c15d026a7bc,f22aa3a1-1a6e-4e3d-ba3f-c90cabdc19d6,2020-01-04 07:37:00,2020-01-04 07:37:00
bfaa0b0f-aab8-460f-8584-c06ab02ab49e,f22aa3a1-1a6e-4e3d-ba3f-c90cabdc19d6,2020-01-04 07:37:00,2020-01-04 07:37:00
4d26244e-6e63-44c5-a7be-cc84b2a3dc1d,f22aa3a1-1a6e-4e3d-ba3f-c90cabdc19d6,2020-01-04 07:37:00,2020-01-04 07:37:00
eda703fb-fe30-4b31-9ba1-b5f31718a0e8,f22aa3a1-1a6e-4e3d-ba3f-c90cabdc19d6,2020-01-04 07:37:00,2020-01-04 07:37:00
41ac6daf-47ff-47da-830c-33028cc744ed,f22aa3a1-1a6e-4e3d-ba3f-c90cabdc19d6,2020-01-04 07:37:00,2020-01-04 07:37:00
b52b6ddd-7a4e-4329-a7e3-fe3d827f3f83,f22aa3a1-1a6e-4e3d-ba3f-c90cabdc19d6,2020-01-04 07:37:00,2020-01-04 07:37:00
77168d92-feaa-4202-a139-4eae6e4038cd,f22aa3a1-1a6e-4e3d-ba3f-c90cabdc19d6,2020-01-04 07:37:00,2020-01-04 07:37:00
3688c1ba-3bdd-44ee-b442-ffa3345733a6,f22aa3a1-1a6e-4e3d-ba3f-c90cabdc19d6,2020-01-04 07:37:00,2020-01-04 07:37:00
e1038183-9b57-4006-af51-79ae86155939,f22aa3a1-1a6e-4e3d-ba3f-c90cabdc19d6,2020-01-04 07:37:00,2020-01-04 07:37:00
ef92d86f-810f-4541-b026-7aaac61b21ff,f22aa3a1-1a6e-4e3d-ba3f-c90cabdc19d6,2020-01-04 07:37:00,2020-01-04 07:37:00
562350fd-d746-417c-8022-17d002955a7c,f22aa3a1-1a6e-4e3d-ba3f-c90cabdc19d6,2020-01-04 07:37:00,2020-01-04 07:37:00
b04e567a-0fdc-4317-8119-5e6e514255d2,f22aa3a1-1a6e-4e3d-ba3f-c90cabdc19d6,2020-01-04 07:37:00,2020-01-04 07:37:00
37a74a02-0064-4099-b87e-255a881d2fb8,f22aa3a1-1a6e-4e3d-ba3f-c90cabdc19d6,2020-01-04 07:37:00,2020-01-04 07:37:00
cbaa5a99-3b6f-4fce-aeb4-f3a9e8e388b2,f22aa3a1-1a6e-4e3d-ba3f-c90cabdc19d6,2020-01-04 07:37:00,2020-01-04 07:37:00
43401a1b-e59d-4a6b-8b35-6f0f1b9f9af5,f22aa3a1-1a6e-4e3d-ba3f-c90cabdc19d6,2020-01-04 07:37:00,2020-01-04 07:37:00
d8de8363-1c3b-487b-826e-9d73baee2ff7,f22aa3a1-1a6e-4e3d-ba3f-c90cabdc19d6,2020-01-04 07:37:00,2020-01-04 07:37:00
2369e77e-922d-4115-a7a2-2d7fadc64602,f22aa3a1-1a6e-4e3d-ba3f-c90cabdc19d6,2020-01-04 07:37:00,2020-01-04 07:37:00
819b0994-bf87-44e7-9bc2-9268cc0c40ee,f22aa3a1-1a6e-4e3d-ba3f-c90cabdc19d6,2020-01-04 07:37:00,2020-01-04 07:37:00
6a49c74c-6491-4bd3-8c4e-8e6002553352,f22aa3a1-1a6e-4e3d-ba3f-c90cabdc19d6,2020-01-04 07:37:00,2020-01-04 07:37:00
1771a67e-4c6c-4b5e-b1e5-4261af8ba789,f22aa3a1-1a6e-4e3d-ba3f-c90cabdc19d6,2020-01-04 07:37:00,2020-01-04 07:37:00
7a562c68-4b65-43cb-9863-beec716e97b5,f22aa3a1-1a6e-4e3d-ba3f-c90cabdc19d6,2020-01-04 07:37:00,2020-01-04 07:37:00
d30bced8-d43c-40f3-893a-4066c58ff9d8,f22aa3a1-1a6e-4e3d-ba3f-c90cabdc19d6,2020-01-04 07:37:00,2020-01-04 07:37:00
5f5a0aea-a024-4426-af2f-d0305ee8d087,f22aa3a1-1a6e-4e3d-ba3f-c90cabdc19d6,2020-01-04 07:37:00,2020-01-04 07:37:00
edc41d02-f3d7-4604-8410-f623eec366e4,f22aa3a1-1a6e-4e3d-ba3f-c90cabdc19d6,2020-01-04 07:37:00,2020-01-04 07:37:00
d1f034aa-8e66-43f0-8fa9-c1885e8636ff,f22aa3a1-1a6e-4e3d-ba3f-c90cabdc19d6,2020-01-04 07:37:00,2020-01-04 07:37:00
f721615b-3446-45ad-8897-62b1afef09bc,f22aa3a1-1a6e-4e3d-ba3f-c90cabdc19d6,2020-01-04 07:37:00,2020-01-04 07:37:00
1ff283b9-edb0-4087-a7bd-ac28151cce81,f22aa3a1-1a6e-4e3d-ba3f-c90cabdc19d6,2020-01-04 07:37:00,2020-01-04 07:37:00
68edad97-4d69-4324-a397-5a247921d985,f22aa3a1-1a6e-4e3d-ba3f-c90cabdc19d6,2020-01-04 07:37:00,2020-01-04 07:37:00
0d896598-d2b9-4c21-8e2f-7ef1c3b3c486,f22aa3a1-1a6e-4e3d-ba3f-c90cabdc19d6,2020-01-04 07:37:00,2020-01-04 07:37:00
86ad493c-97e8-4721-81b8-06a5423f68b7,f22aa3a1-1a6e-4e3d-ba3f-c90cabdc19d6,2020-01-04 07:37:00,2020-01-04 07:37:00
1e45bd19-23ab-4d1a-8dfb-d76dfb2b6f38,f22aa3a1-1a6e-4e3d-ba3f-c90cabdc19d6,2020-01-04 07:37:00,2020-01-04 07:37:00
48d85605-3eb3-4c5e-9f26-6af03a148802,f22aa3a1-1a6e-4e3d-ba3f-c90cabdc19d6,2020-01-04 07:37:00,2020-01-04 07:37:00
78209f3f-a3cf-4e0c-940a-6837140c3a45,f22aa3a1-1a6e-4e3d-ba3f-c90cabdc19d6,2020-01-04 07:37:00,2020-01-04 07:37:00
96091958-ea98-4d11-80e4-f37a246abb61,f22aa3a1-1a6e-4e3d-ba3f-c90cabdc19d6,2020-01-04 07:37:00,2020-01-04 07:37:00
39a83454-db2b-4177-bee2-fe6e032fff1b,f22aa3a1-1a6e-4e3d-ba3f-c90cabdc19d6,2020-01-04 07:37:00,2020-01-04 07:37:00
d1b49b39-9dbc-435b-99ed-730a4e47eb15,f22aa3a1-1a6e-4e3d-ba3f-c90cabdc19d6,2020-01-04 07:37:00,2020-01-04 07:37:00
462508ff-46d4-44c8-9f14-4851987cbdf3,f22aa3a1-1a6e-4e3d-ba3f-c90cabdc19d6,2020-01-04 07:37:00,2020-01-04 07:37:00
ce34f354-766e-4cf1-bab2-440116dcc7b3,f22aa3a1-1a6e-4e3d-ba3f-c90cabdc19d6,2020-01-04 07:37:00,2020-01-04 07:37:00
52284199-7973-4f77-b9bc-52e8606994a2,f22aa3a1-1a6e-4e3d-ba3f-c90cabdc19d6,2020-01-04 07:37:00,2020-01-04 07:37:00
b8030c0a-a3c3-4c54-ac7e-19cfcaa36a13,f22aa3a1-1a6e-4e3d-ba3f-c90cabdc19d6,2020-01-04 07:37:00,2020-01-04 07:37:00
0372b45e-2ed9-4a27-b554-30cb44726507,f22aa3a1-1a6e-4e3d-ba3f-c90cabdc19d6,2020-01-04 07:37:00,2020-01-04 07:37:00
178e893c-5893-412c-901d-75a7d2197b71,f22aa3a1-1a6e-4e3d-ba3f-c90cabdc19d6,2020-01-04 07:37:00,2020-01-04 07:37:00
45f080bb-b7b6-423a-a22e-0a51c3135ec8,f22aa3a1-1a6e-4e3d-ba3f-c90cabdc19d6,2020-01-04 07:37:00,2020-01-04 07:37:00
beaa7208-f970-4695-b7b5-1976e2fd7932,f22aa3a1-1a6e-4e3d-ba3f-c90cabdc19d6,2020-01-04 07:37:00,2020-01-04 07:37:00
b4c78ac1-e896-4137-a6c0-827e96881fae,f22aa3a1-1a6e-4e3d-ba3f-c90cabdc19d6,2020-01-04 07:37:00,2020-01-04 07:37:00
bef4ed32-1a61-4040-86e3-2445c548e8d1,f22aa3a1-1a6e-4e3d-ba3f-c90cabdc19d6,2020-01-04 07:37:00,2020-01-04 07:37:00
d4e16741-fdee-450b-b40a-cd204e43bbe0,f22aa3a1-1a6e-4e3d-ba3f-c90cabdc19d6,2020-01-04 07:37:00,2020-01-04 07:37:00
1a81f14e-d10e-4210-9919-f919e7dd1f30,f22aa3a1-1a6e-4e3d-ba3f-c90cabdc19d6,2020-01-04 07:37:00,2020-01-04 07:37:00
73f91b5e-42f1-4819-ba0a-8c98d73df51b,f22aa3a1-1a6e-4e3d-ba3f-c90cabdc19d6,2020-01-04 07:37:00,2020-01-04 07:37:00
787b2f4f-0182-4161-a61e-9ce1366bf199,f22aa3a1-1a6e-4e3d-ba3f-c90cabdc19d6,2020-01-04 07:37:00,2020-01-04 07:37:00
899eea8c-6ee7-4d8a-bd9d-a9ee185b86bc,f22aa3a1-1a6e-4e3d-ba3f-c90cabdc19d6,2020-01-04 07:37:00,2020-01-04 07:37:00
1f6465d8-8ca1-4e18-9214-767063fd0546,f22aa3a1-1a6e-4e3d-ba3f-c90cabdc19d6,2020-01-04 07:37:00,2020-01-04 07:37:00
65a6eb6d-e2ab-4162-a009-617fcfd6a64d,f22aa3a1-1a6e-4e3d-ba3f-c90cabdc19d6,2020-01-04 07:37:00,2020-01-04 07:37:00
328fdf5c-fc34-4bca-8aa9-b2327b8b1244,f22aa3a1-1a6e-4e3d-ba3f-c90cabdc19d6,2020-01-04 07:37:00,2020-01-04 07:37:00
94e9d20f-1a31-4663-b44c-0a32a8f35f98,f22aa3a1-1a6e-4e3d-ba3f-c90cabdc19d6,2020-01-04 07:37:00,2020-01-04 07:37:00
6a221e75-77d6-4788-8c67-535392688d4a,f22aa3a1-1a6e-4e3d-ba3f-c90cabdc19d6,2020-01-04 07:37:00,2020-01-04 07:37:00
71a3810d-cfa7-4f30-ac41-1eb3a5eb3771,f22aa3a1-1a6e-4e3d-ba3f-c90cabdc19d6,2020-01-04 07:37:00,2020-01-04 07:37:00
e3d4231c-8c8b-4d0f-8b37-aa709cf9b8da,f22aa3a1-1a6e-4e3d-ba3f-c90cabdc19d6,2020-01-04 07:37:00,2020-01-04 07:37:00
5bb119bc-0601-4a13-b38e-81fbfcfc70f0,f22aa3a1-1a6e-4e3d-ba3f-c90cabdc19d6,2020-01-04 07:37:00,2020-01-04 07:37:00
114ddea7-2ff8-4e55-83e9-39a550b2affd,f22aa3a1-1a6e-4e3d-ba3f-c90cabdc19d6,2020-01-04 07:37:00,2020-01-04 07:37:00
26ebcb65-0636-4168-9631-52b34dc1b5a3,f22aa3a1-1a6e-4e3d-ba3f-c90cabdc19d6,2020-01-04 07:37:00,2020-01-04 07:37:00
32e24a76-0414-4dad-af86-eb353913f7bc,f22aa3a1-1a6e-4e3d-ba3f-c90cabdc19d6,2020-01-04 07:37:00,2020-01-04 07:37:00
4103e3b5-42f5-47af-bb16-d88ee324fbb7,f22aa3a1-1a6e-4e3d-ba3f-c90cabdc19d6,2020-01-04 07:37:00,2020-01-04 07:37:00
fd8c1369-8182-4f73-9023-38a0b10b36c3,f22aa3a1-1a6e-4e3d-ba3f-c90cabdc19d6,2020-01-04 07:37:00,2020-01-04 07:37:00
781ae06d-0139-4399-b0bc-093a8598f1fe,f22aa3a1-1a6e-4e3d-ba3f-c90cabdc19d6,2020-01-04 07:37:00,2020-01-04 07:37:00
fbc4ae45-8dd1-4d6d-8785-4f02dfd46d8b,f22aa3a1-1a6e-4e3d-ba3f-c90cabdc19d6,2020-01-04 07:37:00,2020-01-04 07:37:00
bf3f0a58-dfc9-4f9d-8559-902c11cb43c3,f22aa3a1-1a6e-4e3d-ba3f-c90cabdc19d6,2020-01-04 07:37:00,2020-01-04 07:37:00
df3d787b-8954-433c-b851-26975a8b6181,f22aa3a1-1a6e-4e3d-ba3f-c90cabdc19d6,2020-01-04 07:37:00,2020-01-04 07:37:00
e3ab32d5-53ff-49d4-b2d3-4c936665245e,f22aa3a1-1a6e-4e3d-ba3f-c90cabdc19d6,2020-01-04 07:37:00,2020-01-04 07:37:00
b5e51813-dd79-4064-bcd3-e4ade7f82528,f22aa3a1-1a6e-4e3d-ba3f-c90cabdc19d6,2020-01-04 07:37:00,2020-01-04 07:37:00
5dd4d68f-517c-44a9-93d8-439551509a9f,f22aa3a1-1a6e-4e3d-ba3f-c90cabdc19d6,2020-01-04 07:37:00,2020-01-04 07:37:00
68120030-21fd-4332-ad70-1fbd83403968,f22aa3a1-1a6e-4e3d-ba3f-c90cabdc19d6,2020-01-04 07:37:00,2020-01-04 07:37:00
3fe829cd-ead5-4f6e-9f2b-e280955d581b,f22aa3a1-1a6e-4e3d-ba3f-c90cabdc19d6,2020-01-04 07:37:00,2020-01-04 07:37:00
5eee4d5c-d2bd-4079-baf4-1ec88589e797,f22aa3a1-1a6e-4e3d-ba3f-c90cabdc19d6,2020-01-04 07:37:00,2020-01-04 07:37:00
6c46307f-b5d5-4f3e-85a6-c166e6d346db,f22aa3a1-1a6e-4e3d-ba3f-c90cabdc19d6,2020-01-04 07:37:00,2020-01-04 07:37:00
d28d27a5-6d41-480a-bf51-b519be6b8f87,f22aa3a1-1a6e-4e3d-ba3f-c90cabdc19d6,2020-01-04 07:37:00,2020-01-04 07:37:00
373fcec5-b757-4ab7-8993-1125fbd89692,f22aa3a1-1a6e-4e3d-ba3f-c90cabdc19d6,2020-01-04 07:37:00,2020-01-04 07:37:00
2924b866-62e6-4461-b738-d9d87de67dea,f22aa3a1-1a6e-4e3d-ba3f-c90cabdc19d6,2020-01-04 07:37:00,2020-01-04 07:37:00
334205fc-0c86-4eb2-ba0b-9504c74e8c63,f22aa3a1-1a6e-4e3d-ba3f-c90cabdc19d6,2020-01-04 07:37:00,2020-01-04 07:37:00
3b558b86-89d6-4cf4-9c5f-5d3270f3effa,f22aa3a1-1a6e-4e3d-ba3f-c90cabdc19d6,2020-01-04 07:37:00,2020-01-04 07:37:00
16477291-5d82-4a36-ad42-aa7912c5ac9b,f22aa3a1-1a6e-4e3d-ba3f-c90cabdc19d6,2020-01-04 07:37:00,2020-01-04 07:37:00
ac844eec-c4a0-48c8-b5a1-ba03438171d8,f22aa3a1-1a6e-4e3d-ba3f-c90cabdc19d6,2020-01-04 07:37:00,2020-01-04 07:37:00
d2ee82eb-19f5-4994-a778-cde7d0beb726,f22aa3a1-1a6e-4e3d-ba3f-c90cabdc19d6,2020-01-04 07:37:00,2020-01-04 07:37:00
b6e7a5f0-3daa-41f5-9e84-ba7e396394f9,f22aa3a1-1a6e-4e3d-ba3f-c90cabdc19d6,2020-01-04 07:37:00,2020-01-04 07:37:00
ec39e405-1d73-4593-9247-e5acbc3271fa,f22aa3a1-1a6e-4e3d-ba3f-c90cabdc19d6,2020-01-04 07:37:00,2020-01-04 07:37:00
48eb36c3-fcb5-43ba-89d1-e5c9fb00fcae,f22aa3a1-1a6e-4e3d-ba3f-c90cabdc19d6,2020-01-04 07:37:00,2020-01-04 07:37:00
1644d81c-5e72-4319-846c-66d7790aedcc,f22aa3a1-1a6e-4e3d-ba3f-c90cabdc19d6,2020-01-04 07:37:00,2020-01-04 07:37:00
816b7848-f873-48b3-b34d-fba75609b867,f22aa3a1-1a6e-4e3d-ba3f-c90cabdc19d6,2020-01-04 07:37:00,2020-01-04 07:37:00
214d74d4-8757-4f6a-ab13-49ffa767dbf0,f22aa3a1-1a6e-4e3d-ba3f-c90cabdc19d6,2020-01-04 07:37:00,2020-01-04 07:37:00
462d0abd-7bdb-47a1-9b7f-0fd6333e566b,f22aa3a1-1a6e-4e3d-ba3f-c90cabdc19d6,2020-01-04 07:37:00,2020-01-04 07:37:00
ccccae89-e6ec-4b46-9b09-a3b9130e8a73,f22aa3a1-1a6e-4e3d-ba3f-c90cabdc19d6,2020-01-04 07:37:00,2020-01-04 07:37:00
98a3e271-3d07-41b1-a932-0cd973cee2ec,f22aa3a1-1a6e-4e3d-ba3f-c90cabdc19d6,2020-01-04 07:37:00,2020-01-04 07:37:00
8095770c-e1cc-4993-8d8c-bcf52bfcf95b,f22aa3a1-1a6e-4e3d-ba3f-c90cabdc19d6,2020-01-04 07:37:00,2020-01-04 07:37:00
2b9ff403-f38f-4fce-89a1-92e76cd43d14,f22aa3a1-1a6e-4e3d-ba3f-c90cabdc19d6,2020-01-04 07:37:00,2020-01-04 07:37:00
7e199a7b-e879-4b7a-b652-4a2cf38ed125,f22aa3a1-1a6e-4e3d-ba3f-c90cabdc19d6,2020-01-04 07:37:00,2020-01-04 07:37:00
6c03b085-43e0-4988-a175-30e03c6e6a09,f22aa3a1-1a6e-4e3d-ba3f-c90cabdc19d6,2020-01-04 07:37:00,2020-01-04 07:37:00
bb82f736-1aa7-4746-890a-066e9ad93000,f22aa3a1-1a6e-4e3d-ba3f-c90cabdc19d6,2020-01-04 07:37:00,2020-01-04 07:37:00
7df33761-5e7f-4d88-9aa0-f4acfd261079,f22aa3a1-1a6e-4e3d-ba3f-c90cabdc19d6,2020-01-04 07:37:00,2020-01-04 07:37:00
5428b568-1a92-42fa-9c7d-7973799c061f,f22aa3a1-1a6e-4e3d-ba3f-c90cabdc19d6,2020-01-04 07:37:00,2020-01-04 07:37:00
1ada0920-ff64-4f28-aef3-66a5b12ecbc6,f22aa3a1-1a6e-4e3d-ba3f-c90cabdc19d6,2020-01-04 07:37:00,2020-01-04 07:37:00
d926c812-7a10-48dc-b990-766b8417ed7c,f22aa3a1-1a6e-4e3d-ba3f-c90cabdc19d6,2020-01-04 07:37:00,2020-01-04 07:37:00
6e51e4fb-f1bc-4558-8d62-75df288e19bd,f22aa3a1-1a6e-4e3d-ba3f-c90cabdc19d6,2020-01-04 07:37:00,2020-01-04 07:37:00
809195cc-a271-465f-9d4b-0b597127828e,f22aa3a1-1a6e-4e3d-ba3f-c90cabdc19d6,2020-01-04 07:37:00,2020-01-04 07:37:00
b41c5421-fbac-4fbc-a72e-b9c72d7d89d4,f22aa3a1-1a6e-4e3d-ba3f-c90cabdc19d6,2020-01-04 07:37:00,2020-01-04 07:37:00
53dbf4ac-2c9b-4287-ae4d-fd9d71c94bbc,f22aa3a1-1a6e-4e3d-ba3f-c90cabdc19d6,2020-01-04 07:37:00,2020-01-04 07:37:00
5c3a66c3-a3bd-4d67-bfc8-48924feac88f,f22aa3a1-1a6e-4e3d-ba3f-c90cabdc19d6,2020-01-04 07:37:00,2020-01-04 07:37:00
9807c552-966b-4c3e-99ec-7b0c4505fbda,f22aa3a1-1a6e-4e3d-ba3f-c90cabdc19d6,2020-01-04 07:37:00,2020-01-04 07:37:00
8a082b06-6ab0-4a35-a58a-38d468f949cf,f22aa3a1-1a6e-4e3d-ba3f-c90cabdc19d6,2020-01-04 07:37:00,2020-01-04 07:37:00
109a198b-7b1a-4162-969c-82386d71528f,f22aa3a1-1a6e-4e3d-ba3f-c90cabdc19d6,2020-01-04 07:37:00,2020-01-04 07:37:00
f4204eae-ccd9-4bb1-b608-ec31d8a5322e,f22aa3a1-1a6e-4e3d-ba3f-c90cabdc19d6,2020-01-04 07:37:00,2020-01-04 07:37:00
f78f7e1c-cca1-400d-a9ee-27bbca8e4959,f22aa3a1-1a6e-4e3d-ba3f-c90cabdc19d6,2020-01-04 07:37:00,2020-01-04 07:37:00
bcc1106c-52b5-4bab-a285-4eb2b870f2b4,f22aa3a1-1a6e-4e3d-ba3f-c90cabdc19d6,2020-01-04 07:37:00,2020-01-04 07:37:00
74d28483-cc19-4a90-b9b2-602f70d72e02,f22aa3a1-1a6e-4e3d-ba3f-c90cabdc19d6,2020-01-04 07:37:00,2020-01-04 07:37:00
40c9757f-783e-4958-ae49-43a717647938,f22aa3a1-1a6e-4e3d-ba3f-c90cabdc19d6,2020-01-04 07:37:00,2020-01-04 07:37:00
e93fe098-7240-4d53-82b7-879aa2d3115d,f22aa3a1-1a6e-4e3d-ba3f-c90cabdc19d6,2020-01-04 07:37:00,2020-01-04 07:37:00
57ff12f0-ee3c-410b-9e69-6cb036200fea,f22aa3a1-1a6e-4e3d-ba3f-c90cabdc19d6,2020-01-04 07:37:00,2020-01-04 07:37:00
c9c66b11-54c8-424b-a798-a29be7679bd3,f22aa3a1-1a6e-4e3d-ba3f-c90cabdc19d6,2020-01-04 07:37:00,2020-01-04 07:37:00
32781ea4-8447-4742-9532-e603ecdce558,f22aa3a1-1a6e-4e3d-ba3f-c90cabdc19d6,2020-01-04 07:37:00,2020-01-04 07:37:00
bb2e59cb-f231-4b25-8c87-c357709ac4af,f22aa3a1-1a6e-4e3d-ba3f-c90cabdc19d6,2020-01-04 07:37:00,2020-01-04 07:37:00
3066f24c-860c-4b23-aef4-58e48cd4244f,f22aa3a1-1a6e-4e3d-ba3f-c90cabdc19d6,2020-01-04 07:37:00,2020-01-04 07:37:00
b2549a85-66f6-4e20-b450-b3e896fb3393,f22aa3a1-1a6e-4e3d-ba3f-c90cabdc19d6,2020-01-04 07:37:00,2020-01-04 07:37:00
c892d44f-b96a-41ba-8647-2ef7edf81490,f22aa3a1-1a6e-4e3d-ba3f-c90cabdc19d6,2020-01-04 07:37:00,2020-01-04 07:37:00
9d4dd648-c667-4ce8-91a0-123a484835f4,f22aa3a1-1a6e-4e3d-ba3f-c90cabdc19d6,2020-01-04 07:37:00,2020-01-04 07:37:00
2b664f38-242e-4066-844c-c8c474959006,f22aa3a1-1a6e-4e3d-ba3f-c90cabdc19d6,2020-01-04 07:37:00,2020-01-04 07:37:00
95f3759a-923e-41b8-8855-00ce31519a35,f22aa3a1-1a6e-4e3d-ba3f-c90cabdc19d6,2020-01-04 07:37:00,2020-01-04 07:37:00
7cd10b43-d377-4b68-b805-221645ef948a,f22aa3a1-1a6e-4e3d-ba3f-c90cabdc19d6,2020-01-04 07:37:00,2020-01-04 07:37:00
a661ea82-ce2d-4990-9378-af0798fc49e0,f22aa3a1-1a6e-4e3d-ba3f-c90cabdc19d6,2020-01-04 07:37:00,2020-01-04 07:37:00
81be32c4-13d0-4df6-bf2e-b11cee26f492,f22aa3a1-1a6e-4e3d-ba3f-c90cabdc19d6,2020-01-04 07:37:00,2020-01-04 07:37:00
892f3de4-f7a2-4ac7-8e90-a73238155f60,f22aa3a1-1a6e-4e3d-ba3f-c90cabdc19d6,2020-01-04 07:37:00,2020-01-04 07:37:00
553c0c5f-12ca-4126-b7a1-afc3f1f154a1,f22aa3a1-1a6e-4e3d-ba3f-c90cabdc19d6,2020-01-04 07:37:00,2020-01-04 07:37:00
beb7962c-a75d-44c1-8df9-d7c9996b1162,f22aa3a1-1a6e-4e3d-ba3f-c90cabdc19d6,2020-01-04 07:37:00,2020-01-04 07:37:00
6cac02b9-2d12-4811-8a22-6d79a22ac6ca,f22aa3a1-1a6e-4e3d-ba3f-c90cabdc19d6,2020-01-04 07:37:00,2020-01-04 07:37:00
c346e6c6-46df-404a-b4b0-0eb3bb48fb35,f22aa3a1-1a6e-4e3d-ba3f-c90cabdc19d6,2020-01-04 07:37:00,2020-01-04 07:37:00
0f20ae59-a4ac-4c70-bb29-2ba5fc0a86ef,f22aa3a1-1a6e-4e3d-ba3f-c90cabdc19d6,2020-01-04 07:37:00,2020-01-04 07:37:00
61a9882e-ef2a-4637-bd33-547419749566,f22aa3a1-1a6e-4e3d-ba3f-c90cabdc19d6,2020-01-04 07:37:00,2020-01-04 07:37:00
0b74381c-fd96-4366-803f-f072d7802a38,f22aa3a1-1a6e-4e3d-ba3f-c90cabdc19d6,2020-01-04 07:37:00,2020-01-04 07:37:00
0da13a85-a24e-4fa5-b6bd-29575ff1ab2a,f22aa3a1-1a6e-4e3d-ba3f-c90cabdc19d6,2020-01-04 07:37:00,2020-01-04 07:37:00
c7bff460-5aa6-4924-aa3c-84bc85178a42,f22aa3a1-1a6e-4e3d-ba3f-c90cabdc19d6,2020-01-04 07:37:00,2020-01-04 07:37:00
11bf8794-f473-4253-a4ab-52187d805492,f22aa3a1-1a6e-4e3d-ba3f-c90cabdc19d6,2020-01-04 07:37:00,2020-01-04 07:37:00
39d5cfac-6e8c-4b86-9378-e3c0fb992237,f22aa3a1-1a6e-4e3d-ba3f-c90cabdc19d6,2020-01-04 07:37:00,2020-01-04 07:37:00
3dad4722-5b3e-4ade-863a-2f930f01cae1,f22aa3a1-1a6e-4e3d-ba3f-c90cabdc19d6,2020-01-04 07:37:00,2020-01-04 07:37:00
9de3e336-a17e-41f6-9f58-486a75ddb4e6,f22aa3a1-1a6e-4e3d-ba3f-c90cabdc19d6,2020-01-04 07:37:00,2020-01-04 07:37:00
d66a9b97-3209-4813-af19-9696ac2c07cd,f22aa3a1-1a6e-4e3d-ba3f-c90cabdc19d6,2020-01-04 07:37:00,2020-01-04 07:37:00
ff7a17ec-ee7a-4594-907a-dfaba00dd43f,f22aa3a1-1a6e-4e3d-ba3f-c90cabdc19d6,2020-01-04 07:37:00,2020-01-04 07:37:00
da356279-9a6f-483f-8f62-791bbd421bd5,f22aa3a1-1a6e-4e3d-ba3f-c90cabdc19d6,2020-01-04 07:37:00,2020-01-04 07:37:00
638cc1cb-001a-4e63-91ae-4313fd50035a,f22aa3a1-1a6e-4e3d-ba3f-c90cabdc19d6,2020-01-04 07:37:00,2020-01-04 07:37:00
fb713f38-33f2-4701-a523-f951a5447df9,f22aa3a1-1a6e-4e3d-ba3f-c90cabdc19d6,2020-01-04 07:37:00,2020-01-04 07:37:00
4c3d0111-dc7f-4bae-9b8b-a480ca39d32e,f22aa3a1-1a6e-4e3d-ba3f-c90cabdc19d6,2020-01-04 07:37:00,2020-01-04 07:37:00
a2438257-5a46-4cc3-90a2-c4561b3d54f7,f22aa3a1-1a6e-4e3d-ba3f-c90cabdc19d6,2020-01-04 07:37:00,2020-01-04 07:37:00
eb597e60-04c2-444e-9797-77c1c9a662d6,f22aa3a1-1a6e-4e3d-ba3f-c90cabdc19d6,2020-01-04 07:37:00,2020-01-04 07:37:00
4a3484dd-c495-4c23-bad6-ecfedcb929db,f22aa3a1-1a6e-4e3d-ba3f-c90cabdc19d6,2020-01-04 07:37:00,2020-01-04 07:37:00
cd18ac39-7bb4-40f3-905f-2ff92dbd35e0,f22aa3a1-1a6e-4e3d-ba3f-c90cabdc19d6,2020-01-04 07:37:00,2020-01-04 07:37:00
e1e9edef-c09f-41e1-889f-14e4f97722d2,f22aa3a1-1a6e-4e3d-ba3f-c90cabdc19d6,2020-01-04 07:37:00,2020-01-04 07:37:00
5c6d2c27-e006-4a1c-9d31-f4a418abebcd,f22aa3a1-1a6e-4e3d-ba3f-c90cabdc19d6,2020-01-04 07:37:00,2020-01-04 07:37:00
e3ce4264-9c55-438c-97ee-029c3cffa5ad,f22aa3a1-1a6e-4e3d-ba3f-c90cabdc19d6,2020-01-04 07:37:00,2020-01-04 07:37:00
4ecb30e2-24dc-492e-b7ae-597fccf83a81,f22aa3a1-1a6e-4e3d-ba3f-c90cabdc19d6,2020-01-04 07:37:00,2020-01-04 07:37:00
1f386ef9-6515-485e-9cc9-92f0845aeff2,f22aa3a1-1a6e-4e3d-ba3f-c90cabdc19d6,2020-01-04 07:37:00,2020-01-04 07:37:00
8951c8e0-16e4-4eb9-9ed9-c16c2168ee82,f22aa3a1-1a6e-4e3d-ba3f-c90cabdc19d6,2020-01-04 07:37:00,2020-01-04 07:37:00
30065aaa-9a3d-42e0-a847-0808b2d78333,f22aa3a1-1a6e-4e3d-ba3f-c90cabdc19d6,2020-01-04 07:37:00,2020-01-04 07:37:00
0c3f80a5-8cc3-4b4b-bec4-4140eef70f55,f22aa3a1-1a6e-4e3d-ba3f-c90cabdc19d6,2020-01-04 07:37:00,2020-01-04 07:37:00
7746448e-0d0e-4c3a-a36b-fd959b80c1e2,f22aa3a1-1a6e-4e3d-ba3f-c90cabdc19d6,2020-01-04 07:37:00,2020-01-04 07:37:00
0f1083b7-c565-4940-8316-064660930644,f22aa3a1-1a6e-4e3d-ba3f-c90cabdc19d6,2020-01-04 07:37:00,2020-01-04 07:37:00
ee216202-da7c-4c1a-8e22-861dca790ff1,f22aa3a1-1a6e-4e3d-ba3f-c90cabdc19d6,2020-01-04 07:37:00,2020-01-04 07:37:00
1c87f9f1-c807-4426-acfc-a0a269f5b21e,f22aa3a1-1a6e-4e3d-ba3f-c90cabdc19d6,2020-01-04 07:37:00,2020-01-04 07:37:00
7ec3709a-8cd3-4fba-8de8-d0f30150e048,f22aa3a1-1a6e-4e3d-ba3f-c90cabdc19d6,2020-01-04 07:37:00,2020-01-04 07:37:00
b844459c-96f3-49b2-bad1-92194cc73d90,f22aa3a1-1a6e-4e3d-ba3f-c90cabdc19d6,2020-01-04 07:37:00,2020-01-04 07:37:00
2b754dd3-cc64-428f-8181-659dfa67b383,f22aa3a1-1a6e-4e3d-ba3f-c90cabdc19d6,2020-01-04 07:37:00,2020-01-04 07:37:00
6a6c19ed-737f-4dba-bf00-1e5077ce9be9,f22aa3a1-1a6e-4e3d-ba3f-c90cabdc19d6,2020-01-04 07:37:00,2020-01-04 07:37:00
4f084a92-aee1-4f7b-8921-018d96fbf3da,f22aa3a1-1a6e-4e3d-ba3f-c90cabdc19d6,2020-01-04 07:37:00,2020-01-04 07:37:00
2c4d8f9b-2faa-4e66-b38d-81a31071800c,f22aa3a1-1a6e-4e3d-ba3f-c90cabdc19d6,2020-01-04 07:37:00,2020-01-04 07:37:00
470d7174-3839-4d23-b154-4ea38cddf5c1,f22aa3a1-1a6e-4e3d-ba3f-c90cabdc19d6,2020-01-04 07:37:00,2020-01-04 07:37:00
5e567815-91ea-42e8-a9a9-60aadc2ddeef,f22aa3a1-1a6e-4e3d-ba3f-c90cabdc19d6,2020-01-04 07:37:00,2020-01-04 07:37:00
afe506f0-2047-46f5-9b13-9742e1e751a5,f22aa3a1-1a6e-4e3d-ba3f-c90cabdc19d6,2020-01-04 07:37:00,2020-01-04 07:37:00
28a43294-ea90-46fb-8347-26cb1853766c,f22aa3a1-1a6e-4e3d-ba3f-c90cabdc19d6,2020-01-04 07:37:00,2020-01-04 07:37:00
4ade40c4-7510-4fd5-a6b5-63dbbceea08d,f22aa3a1-1a6e-4e3d-ba3f-c90cabdc19d6,2020-01-04 07:37:00,2020-01-04 07:37:00
e1068c18-5106-48f6-92c6-deafd26071ce,f22aa3a1-1a6e-4e3d-ba3f-c90cabdc19d6,2020-01-04 07:37:00,2020-01-04 07:37:00
e57548ac-7b29-4d82-bb29-288914cebccb,f22aa3a1-1a6e-4e3d-ba3f-c90cabdc19d6,2020-01-04 07:37:00,2020-01-04 07:37:00
f2c28c56-a68a-4af6-9858-b9310dcac09c,f22aa3a1-1a6e-4e3d-ba3f-c90cabdc19d6,2020-01-04 07:37:00,2020-01-04 07:37:00
7be4b591-1958-42f7-a0ac-17768ad13937,f22aa3a1-1a6e-4e3d-ba3f-c90cabdc19d6,2020-01-04 07:37:00,2020-01-04 07:37:00
bf4d8ab0-ba2f-415e-83db-92158afbfdc7,f22aa3a1-1a6e-4e3d-ba3f-c90cabdc19d6,2020-01-04 07:37:00,2020-01-04 07:37:00
a4c42938-5688-4d56-bf9a-9df88041172b,f22aa3a1-1a6e-4e3d-ba3f-c90cabdc19d6,2020-01-04 07:37:00,2020-01-04 07:37:00
3193f06c-4ccc-42ca-b0c1-177bd87ed844,f22aa3a1-1a6e-4e3d-ba3f-c90cabdc19d6,2020-01-04 07:37:00,2020-01-04 07:37:00
192512c9-1263-46c4-918c-f3fc53c2888e,f22aa3a1-1a6e-4e3d-ba3f-c90cabdc19d6,2020-01-04 07:37:00,2020-01-04 07:37:00
06ecdfe3-05de-4336-b1ba-8e663eb022d8,f22aa3a1-1a6e-4e3d-ba3f-c90cabdc19d6,2020-01-04 07:37:00,2020-01-04 07:37:00
5c68707b-5f6e-4ae5-b82a-fdbf573ed68d,f22aa3a1-1a6e-4e3d-ba3f-c90cabdc19d6,2020-01-04 07:37:00,2020-01-04 07:37:00
386ae90a-9811-4452-8b3b-bb06c05c010b,f22aa3a1-1a6e-4e3d-ba3f-c90cabdc19d6,2020-01-04 07:37:00,2020-01-04 07:37:00
a5ff06c8-0da5-409c-9871-c5408a827c5b,f22aa3a1-1a6e-4e3d-ba3f-c90cabdc19d6,2020-01-04 07:37:00,2020-01-04 07:37:00
b0c0efa3-0a39-42dd-a7b2-d6c742b8f05c,f22aa3a1-1a6e-4e3d-ba3f-c90cabdc19d6,2020-01-04 07:37:00,2020-01-04 07:37:00
6ebb61aa-aeaf-4772-9631-467078f77a9f,f22aa3a1-1a6e-4e3d-ba3f-c90cabdc19d6,2020-01-04 07:37:00,2020-01-04 07:37:00
52edef02-15b7-4506-a641-9ca34d6a2cdb,f22aa3a1-1a6e-4e3d-ba3f-c90cabdc19d6,2020-01-04 07:37:00,2020-01-04 07:37:00
0646e3a0-33d7-4a12-b845-3154e0da128f,f22aa3a1-1a6e-4e3d-ba3f-c90cabdc19d6,2020-01-04 07:37:00,2020-01-04 07:37:00
ebfbd873-39fc-422e-8cb5-36572237561f,f22aa3a1-1a6e-4e3d-ba3f-c90cabdc19d6,2020-01-04 07:37:00,2020-01-04 07:37:00
a1c4a4b4-80a4-48fa-b834-03a348df29d2,f22aa3a1-1a6e-4e3d-ba3f-c90cabdc19d6,2020-01-04 07:37:00,2020-01-04 07:37:00
2c1bc1b5-1c21-4473-9b7f-c9f2adc7b86a,f22aa3a1-1a6e-4e3d-ba3f-c90cabdc19d6,2020-01-04 07:37:00,2020-01-04 07:37:00
4a11f6ca-11bc-458f-ae40-64515d4417b8,f22aa3a1-1a6e-4e3d-ba3f-c90cabdc19d6,2020-01-04 07:37:00,2020-01-04 07:37:00
b7474fd4-7cb2-4f34-a164-8e5c2833c82d,f22aa3a1-1a6e-4e3d-ba3f-c90cabdc19d6,2020-01-04 07:37:00,2020-01-04 07:37:00
30603812-8825-4df8-9158-1d5f1f4d2dfe,f22aa3a1-1a6e-4e3d-ba3f-c90cabdc19d6,2020-01-04 07:37:00,2020-01-04 07:37:00
1569f652-b7e8-45b6-8a7c-bfb965561a16,f22aa3a1-1a6e-4e3d-ba3f-c90cabdc19d6,2020-01-04 07:37:00,2020-01-04 07:37:00
02b814e2-51f3-49c8-a29f-f1ba790d68c9,f22aa3a1-1a6e-4e3d-ba3f-c90cabdc19d6,2020-01-04 07:37:00,2020-01-04 07:37:00
53cbf819-1124-42e4-8b5f-6e290bc84f7c,f22aa3a1-1a6e-4e3d-ba3f-c90cabdc19d6,2020-01-04 07:37:00,2020-01-04 07:37:00
2108e003-148f-478f-b990-dcff4f0b70aa,f22aa3a1-1a6e-4e3d-ba3f-c90cabdc19d6,2020-01-04 07:37:00,2020-01-04 07:37:00
6e625048-918c-4833-931a-62967fc4f87b,f22aa3a1-1a6e-4e3d-ba3f-c90cabdc19d6,2020-01-04 07:37:00,2020-01-04 07:37:00
1ba501de-d4fe-4827-b9a8-86452daa6dc6,f22aa3a1-1a6e-4e3d-ba3f-c90cabdc19d6,2020-01-04 07:37:00,2020-01-04 07:37:00
053a544a-419b-45de-a9c3-55711e010300,f22aa3a1-1a6e-4e3d-ba3f-c90cabdc19d6,2020-01-04 07:37:00,2020-01-04 07:37:00
cfd42aa7-5a32-4d4c-bebf-38931dbccdee,f22aa3a1-1a6e-4e3d-ba3f-c90cabdc19d6,2020-01-04 07:37:00,2020-01-04 07:37:00
05a4fe53-765f-4db5-84cf-5be979749c30,f22aa3a1-1a6e-4e3d-ba3f-c90cabdc19d6,2020-01-04 07:37:00,2020-01-04 07:37:00
b6216773-903c-4be2-8991-5a3d26d85376,f22aa3a1-1a6e-4e3d-ba3f-c90cabdc19d6,2020-01-04 07:37:00,2020-01-04 07:37:00
1b74ee30-3ebf-490e-be36-3c414731a22f,f22aa3a1-1a6e-4e3d-ba3f-c90cabdc19d6,2020-01-04 07:37:00,2020-01-04 07:37:00
6dc220aa-b9d9-4319-8c3d-c7d5e7d50876,f22aa3a1-1a6e-4e3d-ba3f-c90cabdc19d6,2020-01-04 07:37:00,2020-01-04 07:37:00
2987cda5-45d8-47b7-85a3-16191c0109c0,f22aa3a1-1a6e-4e3d-ba3f-c90cabdc19d6,2020-01-04 07:37:00,2020-01-04 07:37:00
82b5e6af-abe6-4605-8641-a69571738865,f22aa3a1-1a6e-4e3d-ba3f-c90cabdc19d6,2020-01-04 07:37:00,2020-01-04 07:37:00
8d7a24d8-998a-4918-ad56-7543f0830634,f22aa3a1-1a6e-4e3d-ba3f-c90cabdc19d6,2020-01-04 07:37:00,2020-01-04 07:37:00
ad1dbcb0-ab43-4d2a-a6e6-b1ae018f4314,f22aa3a1-1a6e-4e3d-ba3f-c90cabdc19d6,2020-01-04 07:37:00,2020-01-04 07:37:00
7a67774b-31aa-40f6-a96e-31e56f0b6ff6,f22aa3a1-1a6e-4e3d-ba3f-c90cabdc19d6,2020-01-04 07:37:00,2020-01-04 07:37:00
af46b5af-8975-463e-8963-caf2988d1f4f,f22aa3a1-1a6e-4e3d-ba3f-c90cabdc19d6,2020-01-04 07:37:00,2020-01-04 07:37:00
9d6db284-bb0e-4435-a9d3-cb8f5c8d9a93,f22aa3a1-1a6e-4e3d-ba3f-c90cabdc19d6,2020-01-04 07:37:00,2020-01-04 07:37:00
53d1f97b-f610-4d6d-b752-dd49e258f5df,f22aa3a1-1a6e-4e3d-ba3f-c90cabdc19d6,2020-01-04 07:37:00,2020-01-04 07:37:00
2ff5bfce-f80a-49b6-87d2-32d4603b166f,f22aa3a1-1a6e-4e3d-ba3f-c90cabdc19d6,2020-01-04 07:37:00,2020-01-04 07:37:00
449d9a24-fe57-4847-9fdc-72d52ccb5e12,f22aa3a1-1a6e-4e3d-ba3f-c90cabdc19d6,2020-01-04 07:37:00,2020-01-04 07:37:00
6fe83daa-6d60-4046-b469-db23d1b9c16e,f22aa3a1-1a6e-4e3d-ba3f-c90cabdc19d6,2020-01-04 07:37:00,2020-01-04 07:37:00
0af697a3-4635-4e36-aea1-e10a3c6c5cc7,f22aa3a1-1a6e-4e3d-ba3f-c90cabdc19d6,2020-01-04 07:37:00,2020-01-04 07:37:00
477e0ec1-d6ed-4b21-b9b7-8a303863d49a,f22aa3a1-1a6e-4e3d-ba3f-c90cabdc19d6,2020-01-04 07:37:00,2020-01-04 07:37:00
334e7951-0aab-4fd1-984e-a99b68e5317f,f22aa3a1-1a6e-4e3d-ba3f-c90cabdc19d6,2020-01-04 07:37:00,2020-01-04 07:37:00
fdfe3432-549a-478c-8367-cf0a08f0f68a,f22aa3a1-1a6e-4e3d-ba3f-c90cabdc19d6,2020-01-04 07:37:00,2020-01-04 07:37:00
875ac89e-a6f5-42e0-8fe1-8544a8845e99,f22aa3a1-1a6e-4e3d-ba3f-c90cabdc19d6,2020-01-04 07:37:00,2020-01-04 07:37:00
5e4a0a8f-9cf9-49ed-bdd8-1660d0818397,f22aa3a1-1a6e-4e3d-ba3f-c90cabdc19d6,2020-01-04 07:37:00,2020-01-04 07:37:00
09a4cc49-df99-4cce-b0a6-cadc7dafcbc9,f22aa3a1-1a6e-4e3d-ba3f-c90cabdc19d6,2020-01-04 07:37:00,2020-01-04 07:37:00
f6a04d1a-2718-4909-9fe5-df143fbb3f1f,f22aa3a1-1a6e-4e3d-ba3f-c90cabdc19d6,2020-01-04 07:37:00,2020-01-04 07:37:00
743ceae0-8222-4b80-882a-48f1f1dc2369,f22aa3a1-1a6e-4e3d-ba3f-c90cabdc19d6,2020-01-04 07:37:00,2020-01-04 07:37:00
06358bb5-7ccb-4c62-a26f-e2dc56837488,f22aa3a1-1a6e-4e3d-ba3f-c90cabdc19d6,2020-01-04 07:37:00,2020-01-04 07:37:00
9f87a9be-9e20-4df3-80ca-ca5c946ac734,f22aa3a1-1a6e-4e3d-ba3f-c90cabdc19d6,2020-01-04 07:37:00,2020-01-04 07:37:00
417c92cc-248e-4118-8c94-fa16508723d4,f22aa3a1-1a6e-4e3d-ba3f-c90cabdc19d6,2020-01-04 07:37:00,2020-01-04 07:37:00
8310f9e6-c0aa-40d4-afc8-70f9f2b0a4cd,f22aa3a1-1a6e-4e3d-ba3f-c90cabdc19d6,2020-01-04 07:37:00,2020-01-04 07:37:00
373d71f0-a3ec-453a-8c42-027ac6d29db9,f22aa3a1-1a6e-4e3d-ba3f-c90cabdc19d6,2020-01-04 07:37:00,2020-01-04 07:37:00
93edfe86-63af-47bb-b30d-988932f7d280,f22aa3a1-1a6e-4e3d-ba3f-c90cabdc19d6,2020-01-04 07:37:00,2020-01-04 07:37:00
b5951935-d79b-4211-8846-9b350e9f79ce,f22aa3a1-1a6e-4e3d-ba3f-c90cabdc19d6,2020-01-04 07:37:00,2020-01-04 07:37:00
946b0f55-01b7-43fd-aba9-7ca4e5058c83,f22aa3a1-1a6e-4e3d-ba3f-c90cabdc19d6,2020-01-04 07:37:00,2020-01-04 07:37:00
c618fa85-3776-4f3b-abdb-2a421ad4b6b1,f22aa3a1-1a6e-4e3d-ba3f-c90cabdc19d6,2020-01-04 07:37:00,2020-01-04 07:37:00
c0143a9e-58f4-4a39-bbed-1b53a9c3af68,f22aa3a1-1a6e-4e3d-ba3f-c90cabdc19d6,2020-01-04 07:37:00,2020-01-04 07:37:00
fcca49bf-0e1e-4779-b10f-75025a0cdfda,f22aa3a1-1a6e-4e3d-ba3f-c90cabdc19d6,2020-01-04 07:37:00,2020-01-04 07:37:00
675d079f-ef2f-4bc5-9ce0-28fb4e35f8e9,f22aa3a1-1a6e-4e3d-ba3f-c90cabdc19d6,2020-01-04 07:37:00,2020-01-04 07:37:00
9a67ec2a-4aaf-428d-b867-048808fdc8a8,f22aa3a1-1a6e-4e3d-ba3f-c90cabdc19d6,2020-01-04 07:37:00,2020-01-04 07:37:00
ad2b720e-1011-4657-91b5-d73eb315b908,f22aa3a1-1a6e-4e3d-ba3f-c90cabdc19d6,2020-01-04 07:37:00,2020-01-04 07:37:00
4f87d19f-dc9d-40f4-b4ab-cfa1b38b7617,f22aa3a1-1a6e-4e3d-ba3f-c90cabdc19d6,2020-01-04 07:37:00,2020-01-04 07:37:00
f15fba31-f3b0-4cf2-b226-ff12e09f8006,f22aa3a1-1a6e-4e3d-ba3f-c90cabdc19d6,2020-01-04 07:37:00,2020-01-04 07:37:00
504cb47a-7ebf-4596-9fbe-6a39ca9ba77b,f22aa3a1-1a6e-4e3d-ba3f-c90cabdc19d6,2020-01-04 07:37:00,2020-01-04 07:37:00
0cf49b56-0286-441c-9337-1105de1fa221,f22aa3a1-1a6e-4e3d-ba3f-c90cabdc19d6,2020-01-04 07:37:00,2020-01-04 07:37:00
37451706-79a1-412a-8825-13bc67d6340e,f22aa3a1-1a6e-4e3d-ba3f-c90cabdc19d6,2020-01-04 07:37:00,2020-01-04 07:37:00
8bb96e56-f307-405a-b34c-856193de3c5c,f22aa3a1-1a6e-4e3d-ba3f-c90cabdc19d6,2020-01-04 07:37:00,2020-01-04 07:37:00
24421c63-8aa3-44bf-8800-46a3a1f182bd,f22aa3a1-1a6e-4e3d-ba3f-c90cabdc19d6,2020-01-04 07:37:00,2020-01-04 07:37:00
08e83c29-250c-4bef-98ea-c31f90ce185b,f22aa3a1-1a6e-4e3d-ba3f-c90cabdc19d6,2020-01-04 07:37:00,2020-01-04 07:37:00
4231ebc6-7d52-4729-bf06-0196350a6a08,f22aa3a1-1a6e-4e3d-ba3f-c90cabdc19d6,2020-01-04 07:37:00,2020-01-04 07:37:00
fc89fe31-0976-44dc-948b-de2dc0784a60,f22aa3a1-1a6e-4e3d-ba3f-c90cabdc19d6,2020-01-04 07:37:00,2020-01-04 07:37:00
3710cb12-5635-45ce-b507-d5cd5704d542,f22aa3a1-1a6e-4e3d-ba3f-c90cabdc19d6,2020-01-04 07:37:00,2020-01-04 07:37:00
29b2e7c0-f030-43e6-9e90-48923757a60e,f22aa3a1-1a6e-4e3d-ba3f-c90cabdc19d6,2020-01-04 07:37:00,2020-01-04 07:37:00
01f8bf72-0a11-4e5d-885c-f1e915432948,f22aa3a1-1a6e-4e3d-ba3f-c90cabdc19d6,2020-01-04 07:37:00,2020-01-04 07:37:00
2f418035-6666-4862-a093-1e2d0f6482bb,f22aa3a1-1a6e-4e3d-ba3f-c90cabdc19d6,2020-01-04 07:37:00,2020-01-04 07:37:00
14ecae82-1eef-488c-8d7f-e5bed5d8dee7,f22aa3a1-1a6e-4e3d-ba3f-c90cabdc19d6,2020-01-04 07:37:00,2020-01-04 07:37:00
9b7101f6-f6e2-4564-9be0-e93046d79056,f22aa3a1-1a6e-4e3d-ba3f-c90cabdc19d6,2020-01-04 07:37:00,2020-01-04 07:37:00
5a4d4c68-014e-47df-afeb-7e65df131b31,f22aa3a1-1a6e-4e3d-ba3f-c90cabdc19d6,2020-01-04 07:37:00,2020-01-04 07:37:00
fee800a7-a025-4934-ac5b-a35b8fc2f175,f22aa3a1-1a6e-4e3d-ba3f-c90cabdc19d6,2020-01-04 07:37:00,2020-01-04 07:37:00
43418b5f-17af-4f00-bced-c08aac6f01df,f22aa3a1-1a6e-4e3d-ba3f-c90cabdc19d6,2020-01-04 07:37:00,2020-01-04 07:37:00
c884666b-57e5-465a-817e-3f2c91ef2230,f22aa3a1-1a6e-4e3d-ba3f-c90cabdc19d6,2020-01-04 07:37:00,2020-01-04 07:37:00
33ce24a3-540b-4f1c-99f7-1f4789c45b13,f22aa3a1-1a6e-4e3d-ba3f-c90cabdc19d6,2020-01-04 07:37:00,2020-01-04 07:37:00
8f2f2c83-45d1-4f0f-be4c-63431b0b4808,f22aa3a1-1a6e-4e3d-ba3f-c90cabdc19d6,2020-01-04 07:37:00,2020-01-04 07:37:00
367ef70b-2333-479e-af62-ccf985be3010,f22aa3a1-1a6e-4e3d-ba3f-c90cabdc19d6,2020-01-04 07:37:00,2020-01-04 07:37:00
0903338b-26f4-498f-9088-362c85f9f972,f22aa3a1-1a6e-4e3d-ba3f-c90cabdc19d6,2020-01-04 07:37:00,2020-01-04 07:37:00
a7bf973a-de30-4e05-bf61-4c44586dc476,f22aa3a1-1a6e-4e3d-ba3f-c90cabdc19d6,2020-01-04 07:37:00,2020-01-04 07:37:00
2a2a73c7-8b30-4fb6-bf8c-570a3c112ed8,f22aa3a1-1a6e-4e3d-ba3f-c90cabdc19d6,2020-01-04 07:37:00,2020-01-04 07:37:00
63103965-2e85-49d0-9d5f-c1f224b3996d,f22aa3a1-1a6e-4e3d-ba3f-c90cabdc19d6,2020-01-04 07:37:00,2020-01-04 07:37:00
d9b69acf-36cc-4cac-9ad6-4c96a7db20d0,f22aa3a1-1a6e-4e3d-ba3f-c90cabdc19d6,2020-01-04 07:37:00,2020-01-04 07:37:00
9639c426-8866-4e30-b3e2-2ad61fa248d7,f22aa3a1-1a6e-4e3d-ba3f-c90cabdc19d6,2020-01-04 07:37:00,2020-01-04 07:37:00
52e10e84-93d9-44a2-a12b-bbf6fba90de8,f22aa3a1-1a6e-4e3d-ba3f-c90cabdc19d6,2020-01-04 07:37:00,2020-01-04 07:37:00
bc7bdc50-acfe-4648-8488-780765ca172f,f22aa3a1-1a6e-4e3d-ba3f-c90cabdc19d6,2020-01-04 07:37:00,2020-01-04 07:37:00
762b4bd2-c622-4881-ae01-2218c2cf86e4,f22aa3a1-1a6e-4e3d-ba3f-c90cabdc19d6,2020-01-04 07:37:00,2020-01-04 07:37:00
497be64f-de08-421a-87c9-0bbf52325f03,f22aa3a1-1a6e-4e3d-ba3f-c90cabdc19d6,2020-01-04 07:37:00,2020-01-04 07:37:00
709d5b73-585e-48bd-9cbf-9bcd50737de0,f22aa3a1-1a6e-4e3d-ba3f-c90cabdc19d6,2020-01-04 07:37:00,2020-01-04 07:37:00
1997db20-5618-452d-acbb-8a2a8f5c0084,f22aa3a1-1a6e-4e3d-ba3f-c90cabdc19d6,2020-01-04 07:37:00,2020-01-04 07:37:00
591195f5-ed1d-448b-a5b1-b61d9a01da70,f22aa3a1-1a6e-4e3d-ba3f-c90cabdc19d6,2020-01-04 07:37:00,2020-01-04 07:37:00
27f5286c-c979-4cf0-8ccc-7e5314456dfd,f22aa3a1-1a6e-4e3d-ba3f-c90cabdc19d6,2020-01-04 07:37:00,2020-01-04 07:37:00
44a52ec4-027d-4aea-9a1e-4a53fa87b06d,f22aa3a1-1a6e-4e3d-ba3f-c90cabdc19d6,2020-01-04 07:37:00,2020-01-04 07:37:00
3a2756ce-445d-44de-8f1a-304b36c82eeb,f22aa3a1-1a6e-4e3d-ba3f-c90cabdc19d6,2020-01-04 07:37:00,2020-01-04 07:37:00
83878748-8b57-438a-8567-71d74d4dc8bf,f22aa3a1-1a6e-4e3d-ba3f-c90cabdc19d6,2020-01-04 07:37:00,2020-01-04 07:37:00
fb3c86ec-ecfd-4fa0-a966-a924dd71f3a5,f22aa3a1-1a6e-4e3d-ba3f-c90cabdc19d6,2020-01-04 07:37:00,2020-01-04 07:37:00
03b54374-cab2-45b7-913a-5dd12736ca4c,f22aa3a1-1a6e-4e3d-ba3f-c90cabdc19d6,2020-01-04 07:37:00,2020-01-04 07:37:00
e606e95b-943a-4bf8-98bf-934bd0895086,f22aa3a1-1a6e-4e3d-ba3f-c90cabdc19d6,2020-01-04 07:37:00,2020-01-04 07:37:00
7a8b05e5-8716-4268-a60f-5568236c60e2,f22aa3a1-1a6e-4e3d-ba3f-c90cabdc19d6,2020-01-04 07:37:00,2020-01-04 07:37:00
965cfa97-d2ed-417b-b336-574be2cb67f5,f22aa3a1-1a6e-4e3d-ba3f-c90cabdc19d6,2020-01-04 07:37:00,2020-01-04 07:37:00
14622990-e4e7-4f1e-a28a-0a4a7858cd13,f22aa3a1-1a6e-4e3d-ba3f-c90cabdc19d6,2020-01-04 07:37:00,2020-01-04 07:37:00
4ed4767a-2249-4bce-ad4e-59a483fd3f0f,f22aa3a1-1a6e-4e3d-ba3f-c90cabdc19d6,2020-01-04 07:37:00,2020-01-04 07:37:00
7fffd72a-af8a-4c0b-ade4-58a2ad366c4b,f22aa3a1-1a6e-4e3d-ba3f-c90cabdc19d6,2020-01-04 07:37:00,2020-01-04 07:37:00
67a68916-2efc-44aa-abf7-dbd7073787f4,f22aa3a1-1a6e-4e3d-ba3f-c90cabdc19d6,2020-01-04 07:37:00,2020-01-04 07:37:00
b512327e-bd36-4c1f-b3ed-b94b2da2eb7b,f22aa3a1-1a6e-4e3d-ba3f-c90cabdc19d6,2020-01-04 07:37:00,2020-01-04 07:37:00
06d170d9-9076-4086-b4c7-f5dd47fcb592,f22aa3a1-1a6e-4e3d-ba3f-c90cabdc19d6,2020-01-04 07:37:00,2020-01-04 07:37:00
910978e3-fe17-45b6-b0b3-e6d2f0f89c96,f22aa3a1-1a6e-4e3d-ba3f-c90cabdc19d6,2020-01-04 07:37:00,2020-01-04 07:37:00
49293fa5-399c-4bce-b099-be062d3f8af8,f22aa3a1-1a6e-4e3d-ba3f-c90cabdc19d6,2020-01-04 07:37:00,2020-01-04 07:37:00
616f69c3-54ad-44bf-8f5b-c1523014d7d8,f22aa3a1-1a6e-4e3d-ba3f-c90cabdc19d6,2020-01-04 07:37:00,2020-01-04 07:37:00
c729f040-7091-4a9f-b9e4-ffdff84affb5,f22aa3a1-1a6e-4e3d-ba3f-c90cabdc19d6,2020-01-04 07:37:00,2020-01-04 07:37:00
48289034-6d21-4ec9-9b52-4cd785999c5d,f22aa3a1-1a6e-4e3d-ba3f-c90cabdc19d6,2020-01-04 07:37:00,2020-01-04 07:37:00
11301403-3312-4497-90a0-508e763b8c9b,f22aa3a1-1a6e-4e3d-ba3f-c90cabdc19d6,2020-01-04 07:37:00,2020-01-04 07:37:00
546ab20c-f984-44c3-a870-94b00154734e,f22aa3a1-1a6e-4e3d-ba3f-c90cabdc19d6,2020-01-04 07:37:00,2020-01-04 07:37:00
c73d6699-f431-4170-ab32-ddfc87e8022d,f22aa3a1-1a6e-4e3d-ba3f-c90cabdc19d6,2020-01-04 07:37:00,2020-01-04 07:37:00
44f1949d-f616-43b8-9f69-ef23624f6470,f22aa3a1-1a6e-4e3d-ba3f-c90cabdc19d6,2020-01-04 07:37:00,2020-01-04 07:37:00
a89733aa-a197-4b9a-a636-de4782e7bba0,f22aa3a1-1a6e-4e3d-ba3f-c90cabdc19d6,2020-01-04 07:37:00,2020-01-04 07:37:00
fbb37de1-7445-4bf5-93be-a888f6f61af9,f22aa3a1-1a6e-4e3d-ba3f-c90cabdc19d6,2020-01-04 07:37:00,2020-01-04 07:37:00
77905f3b-435b-4d7b-a4cd-680598299f5f,f22aa3a1-1a6e-4e3d-ba3f-c90cabdc19d6,2020-01-04 07:37:00,2020-01-04 07:37:00
ff860f1d-e5a6-4506-9479-ce654da13432,f22aa3a1-1a6e-4e3d-ba3f-c90cabdc19d6,2020-01-04 07:37:00,2020-01-04 07:37:00
f85d553b-e5ca-4c7c-80c1-68e7b7e3018c,f22aa3a1-1a6e-4e3d-ba3f-c90cabdc19d6,2020-01-04 07:37:00,2020-01-04 07:37:00
60e5b1fb-4acc-46ff-94b4-2855d0a9ba3a,f22aa3a1-1a6e-4e3d-ba3f-c90cabdc19d6,2020-01-04 07:37:00,2020-01-04 07:37:00
ef230366-3d75-4fb7-949b-42223a5b0506,f22aa3a1-1a6e-4e3d-ba3f-c90cabdc19d6,2020-01-04 07:37:00,2020-01-04 07:37:00
3c6fbd2e-6d48-4f95-aae0-c4db8aba1403,f22aa3a1-1a6e-4e3d-ba3f-c90cabdc19d6,2020-01-04 07:37:00,2020-01-04 07:37:00
ae8ccf70-524d-4dc3-b77c-7c76681adfaf,f22aa3a1-1a6e-4e3d-ba3f-c90cabdc19d6,2020-01-04 07:37:00,2020-01-04 07:37:00
ff4c0fbd-aa99-4d47-8429-2dd011a26f11,f22aa3a1-1a6e-4e3d-ba3f-c90cabdc19d6,2020-01-04 07:37:00,2020-01-04 07:37:00
8d4602b8-d967-4400-ae67-084b45968bf1,f22aa3a1-1a6e-4e3d-ba3f-c90cabdc19d6,2020-01-04 07:37:00,2020-01-04 07:37:00
9ba84609-2689-4980-b7d2-0c99f718cba4,f22aa3a1-1a6e-4e3d-ba3f-c90cabdc19d6,2020-01-04 07:37:00,2020-01-04 07:37:00
7d76ff38-8894-4562-8667-378c2778d17f,f22aa3a1-1a6e-4e3d-ba3f-c90cabdc19d6,2020-01-04 07:37:00,2020-01-04 07:37:00
1de311da-1fe0-4b6b-b35b-4280675e5ba0,f22aa3a1-1a6e-4e3d-ba3f-c90cabdc19d6,2020-01-04 07:37:00,2020-01-04 07:37:00
2ec4fd07-aa52-4841-ab55-106e5531b003,f22aa3a1-1a6e-4e3d-ba3f-c90cabdc19d6,2020-01-04 07:37:00,2020-01-04 07:37:00
9154cff5-8ed8-4ddf-bd8e-75cdf00c48f5,f22aa3a1-1a6e-4e3d-ba3f-c90cabdc19d6,2020-01-04 07:37:00,2020-01-04 07:37:00
ba201398-aa55-4f97-aeb2-b6a58d670de2,f22aa3a1-1a6e-4e3d-ba3f-c90cabdc19d6,2020-01-04 07:37:00,2020-01-04 07:37:00
bde868e9-70f3-4590-8270-a8a4385bc2df,f22aa3a1-1a6e-4e3d-ba3f-c90cabdc19d6,2020-01-04 07:37:00,2020-01-04 07:37:00
ab31dceb-587a-4a75-86e8-8d3deeb212bb,f22aa3a1-1a6e-4e3d-ba3f-c90cabdc19d6,2020-01-04 07:37:00,2020-01-04 07:37:00
b730a15a-4de7-4ed8-9d5a-ec6db6c46710,f22aa3a1-1a6e-4e3d-ba3f-c90cabdc19d6,2020-01-04 07:37:00,2020-01-04 07:37:00
5422c8c6-b3a5-489c-8257-d30f70940dcf,f22aa3a1-1a6e-4e3d-ba3f-c90cabdc19d6,2020-01-04 07:37:00,2020-01-04 07:37:00
acaf567f-3515-4c12-8209-525e4860aba4,f22aa3a1-1a6e-4e3d-ba3f-c90cabdc19d6,2020-01-04 07:37:00,2020-01-04 07:37:00
8995d69c-7481-421b-a285-a4f78f4f1349,f22aa3a1-1a6e-4e3d-ba3f-c90cabdc19d6,2020-01-04 07:37:00,2020-01-04 07:37:00
845eac09-884d-4693-afea-328e6fe06900,f22aa3a1-1a6e-4e3d-ba3f-c90cabdc19d6,2020-01-04 07:37:00,2020-01-04 07:37:00
887f6344-2e77-4e5c-bce8-f473f84a0234,f22aa3a1-1a6e-4e3d-ba3f-c90cabdc19d6,2020-01-04 07:37:00,2020-01-04 07:37:00
01b631b0-7178-4675-aa7f-4e61d46070c6,f22aa3a1-1a6e-4e3d-ba3f-c90cabdc19d6,2020-01-04 07:37:00,2020-01-04 07:37:00
a37c7304-5d57-4ac9-b809-9c0265ca48c2,f22aa3a1-1a6e-4e3d-ba3f-c90cabdc19d6,2020-01-04 07:37:00,2020-01-04 07:37:00
e767094c-3af2-4f41-8688-d56529d18f81,f22aa3a1-1a6e-4e3d-ba3f-c90cabdc19d6,2020-01-04 07:37:00,2020-01-04 07:37:00
afaba75f-748a-4017-9e69-905c75490a89,f22aa3a1-1a6e-4e3d-ba3f-c90cabdc19d6,2020-01-04 07:37:00,2020-01-04 07:37:00
b1c70c69-5ccc-4759-b662-835a283ff44e,f22aa3a1-1a6e-4e3d-ba3f-c90cabdc19d6,2020-01-04 07:37:00,2020-01-04 07:37:00
27fa7d85-ec1d-4dab-83f0-0b9221258e0a,f22aa3a1-1a6e-4e3d-ba3f-c90cabdc19d6,2020-01-04 07:37:00,2020-01-04 07:37:00
ff711467-e17f-458b-aa0b-9a3075f0b53c,f22aa3a1-1a6e-4e3d-ba3f-c90cabdc19d6,2020-01-04 07:37:00,2020-01-04 07:37:00
436232fd-a0c7-4fa8-8b12-537c3b3a2b1b,f22aa3a1-1a6e-4e3d-ba3f-c90cabdc19d6,2020-01-04 07:37:00,2020-01-04 07:37:00
9c71d42a-7008-4225-8468-e1ed1f737ffe,f22aa3a1-1a6e-4e3d-ba3f-c90cabdc19d6,2020-01-04 07:37:00,2020-01-04 07:37:00
965620e0-805f-4ce1-b890-9d821974ab65,f22aa3a1-1a6e-4e3d-ba3f-c90cabdc19d6,2020-01-04 07:37:00,2020-01-04 07:37:00
0c1e5e6d-d05c-4fa8-95e6-f2cf89595948,f22aa3a1-1a6e-4e3d-ba3f-c90cabdc19d6,2020-01-04 07:37:00,2020-01-04 07:37:00
0d8e0028-8cc3-4963-ac5c-3fd39d58976c,f22aa3a1-1a6e-4e3d-ba3f-c90cabdc19d6,2020-01-04 07:37:00,2020-01-04 07:37:00
9c3c5466-844f-4f65-a6ba-6837d7db7d8a,f22aa3a1-1a6e-4e3d-ba3f-c90cabdc19d6,2020-01-04 07:37:00,2020-01-04 07:37:00
18240e13-a6a1-4106-a414-47341d56d1e3,f22aa3a1-1a6e-4e3d-ba3f-c90cabdc19d6,2020-01-04 07:37:00,2020-01-04 07:37:00
976df828-c343-4ad1-b3d7-9c4cc7c84f7f,f22aa3a1-1a6e-4e3d-ba3f-c90cabdc19d6,2020-01-04 07:37:00,2020-01-04 07:37:00
ecebdf3e-af0a-41a1-996c-925d56516fd1,f22aa3a1-1a6e-4e3d-ba3f-c90cabdc19d6,2020-01-04 07:37:00,2020-01-04 07:37:00
fb8a2a1b-a4e3-455b-9cf4-af33deaacf81,f22aa3a1-1a6e-4e3d-ba3f-c90cabdc19d6,2020-01-04 07:37:00,2020-01-04 07:37:00
2c208ba6-8cff-413e-a845-e0572a2d6ec1,f22aa3a1-1a6e-4e3d-ba3f-c90cabdc19d6,2020-01-04 07:37:00,2020-01-04 07:37:00
2cb2a523-46b2-4279-8219-4dd90fd48782,f22aa3a1-1a6e-4e3d-ba3f-c90cabdc19d6,2020-01-04 07:37:00,2020-01-04 07:37:00
b7bdcbb9-16d1-4b04-9408-8a02e73c4f42,f22aa3a1-1a6e-4e3d-ba3f-c90cabdc19d6,2020-01-04 07:37:00,2020-01-04 07:37:00
ed182a4f-3ee9-49f4-bbc5-a4d4c3a2260f,f22aa3a1-1a6e-4e3d-ba3f-c90cabdc19d6,2020-01-04 07:37:00,2020-01-04 07:37:00
d3f981d0-bd59-4521-9636-4c17aa381c6b,f22aa3a1-1a6e-4e3d-ba3f-c90cabdc19d6,2020-01-04 07:37:00,2020-01-04 07:37:00
dfd975af-e229-49b9-bfd2-484b3dd661df,f22aa3a1-1a6e-4e3d-ba3f-c90cabdc19d6,2020-01-04 07:37:00,2020-01-04 07:37:00
ac4491fb-168e-467d-851b-dfcd942c8056,f22aa3a1-1a6e-4e3d-ba3f-c90cabdc19d6,2020-01-04 07:37:00,2020-01-04 07:37:00
8c35f981-cbd7-4e2d-910c-b5273df27e95,f22aa3a1-1a6e-4e3d-ba3f-c90cabdc19d6,2020-01-04 07:37:00,2020-01-04 07:37:00
5bf43ee3-218b-4d38-8901-434f9f0e6b0f,f22aa3a1-1a6e-4e3d-ba3f-c90cabdc19d6,2020-01-04 07:37:00,2020-01-04 07:37:00
313f4644-fecb-4c9f-adee-8385344afa41,f22aa3a1-1a6e-4e3d-ba3f-c90cabdc19d6,2020-01-04 07:37:00,2020-01-04 07:37:00
2c368e74-d536-4a77-b999-1adfc92c0c41,f22aa3a1-1a6e-4e3d-ba3f-c90cabdc19d6,2020-01-04 07:37:00,2020-01-04 07:37:00
ad6964f2-4e85-44ce-8a4c-35ddfe99d292,f22aa3a1-1a6e-4e3d-ba3f-c90cabdc19d6,2020-01-04 07:37:00,2020-01-04 07:37:00
f17c5982-8d17-4974-a777-4da0f5513ec4,f22aa3a1-1a6e-4e3d-ba3f-c90cabdc19d6,2020-01-04 07:37:00,2020-01-04 07:37:00
f12fa9af-5b0a-4bc6-9298-89b763d635ec,f22aa3a1-1a6e-4e3d-ba3f-c90cabdc19d6,2020-01-04 07:37:00,2020-01-04 07:37:00
3c8a57f4-1e58-4f90-bdfc-c3f503d5309d,f22aa3a1-1a6e-4e3d-ba3f-c90cabdc19d6,2020-01-04 07:37:00,2020-01-04 07:37:00
43d91ff7-6bfa-48a5-a019-457e6fe2a5d8,f22aa3a1-1a6e-4e3d-ba3f-c90cabdc19d6,2020-01-04 07:37:00,2020-01-04 07:37:00
fe4f2d8a-27f0-40e5-bd4c-c1269a77fe7b,f22aa3a1-1a6e-4e3d-ba3f-c90cabdc19d6,2020-01-04 07:37:00,2020-01-04 07:37:00
3b949271-5f0e-465a-b539-86f0116a5f67,f22aa3a1-1a6e-4e3d-ba3f-c90cabdc19d6,2020-01-04 07:37:00,2020-01-04 07:37:00
ea297c09-a396-444a-8fed-1e405fad7a40,f22aa3a1-1a6e-4e3d-ba3f-c90cabdc19d6,2020-01-04 07:37:00,2020-01-04 07:37:00
9f35f0a6-ce5e-4217-891f-bb05e1f357c3,f22aa3a1-1a6e-4e3d-ba3f-c90cabdc19d6,2020-01-04 07:37:00,2020-01-04 07:37:00
63c4454f-c7c0-4204-b40e-2c98f372fa5a,f22aa3a1-1a6e-4e3d-ba3f-c90cabdc19d6,2020-01-04 07:37:00,2020-01-04 07:37:00
8abd4a6f-85c5-4cf0-ac07-f85378387f0e,f22aa3a1-1a6e-4e3d-ba3f-c90cabdc19d6,2020-01-04 07:37:00,2020-01-04 07:37:00
c355bc49-29ac-45ea-8224-c65a5dc9fb04,f22aa3a1-1a6e-4e3d-ba3f-c90cabdc19d6,2020-01-04 07:37:00,2020-01-04 07:37:00
4b128688-d2fa-4be1-a694-3d83d4d75a1c,f22aa3a1-1a6e-4e3d-ba3f-c90cabdc19d6,2020-01-04 07:37:00,2020-01-04 07:37:00
4e00bd46-b24e-47bd-b49c-8c81e77e415e,f22aa3a1-1a6e-4e3d-ba3f-c90cabdc19d6,2020-01-04 07:37:00,2020-01-04 07:37:00
1f86d4d3-77a9-451f-a962-394d8b81254e,f22aa3a1-1a6e-4e3d-ba3f-c90cabdc19d6,2020-01-04 07:37:00,2020-01-04 07:37:00
d1f24fc7-5c1a-4c70-bac3-2ba19131648e,f22aa3a1-1a6e-4e3d-ba3f-c90cabdc19d6,2020-01-04 07:37:00,2020-01-04 07:37:00
b2da930f-7e08-4a15-9ea3-cf73dad2e84a,f22aa3a1-1a6e-4e3d-ba3f-c90cabdc19d6,2020-01-04 07:37:00,2020-01-04 07:37:00
c260e721-fbd6-417d-88a1-9b381dee0a31,f22aa3a1-1a6e-4e3d-ba3f-c90cabdc19d6,2020-01-04 07:37:00,2020-01-04 07:37:00